0,1
CCCN(CCC)N=O,9.3618639180044
CC(=O)c1cc(O)ccc1O,9.903053992196778
NNC(=O)/C=C\C(=O)O,9.462198998949479
CC[S+]([O-])CC,9.812948014057143
Brc1ccccn1,9.380126745084644
CCN1C(=O)C=CC1=O,9.954000733724184
ClC(I)I,9.91393795079457
CC(=O)c1ccc(O)c(O)c1,10.0
O=C(O)CNC(CO)(CO)CO,9.342281787214803
CCC#N,8.758574807684644
C1=CCCC1,9.926299020007129
CC(O)c1ccc(Br)cc1,9.785164917505384
CC(=O)OC(C)C,9.055550007903717
CNC(=S)NC,9.079108747619049
N#Cc1ccc2[nH]ccc2c1,10.041261790105485
OCc1ccco1,10.17606083952784
O=Cc1ccc(Br)o1,9.591043071346583
NC(=O)N1c2ccccc2C=Cc2ccccc21,9.94000907750383
N[C@H]1C(O)O[C@H](CO)[C@H](O)[C@@H]1O,9.079090623023813
CC(C)(C)C(O)c1ccccc1,9.996036827242637
O=P(Oc1ccccc1)(Oc1ccccc1)Oc1ccccc1,9.947961809957931
Nc1ccccn1,9.924167571624753
CC(=O)NS(=O)(=O)c1ccc(N)cc1,9.968166220849193
CC(C)SSC(C)C,10.301019997109321
CCNS(=O)(=O)C(F)(F)C(F)(F)C(F)(F)C(F)(F)C(F)(F)C(F)(F)C(F)(F)C(F)(F)F,8.832508912706237
O=C(O)c1cc(=O)[nH]c(=O)n1[C@@H]1O[C@H](COP(=O)(O)O)[C@@H](O)[C@H]1O,9.681120618687793
O=C(O)CCCCCC(=O)O,9.544034022175138
O=CC(O)=CO,10.065397879047069
CCCC=O,9.7641989701755
CCCCC(CC)COC(=O)c1ccccc1C(=O)OCC(CC)CCCC,8.530066566067694
CCC(C)C(=O)O,8.30104559313886
O=[N+]([O-])CCl,8.28788103797209
Cn1cnc2c1c(=O)[nH]c(=O)n2C,9.763160424142217
[O-]c1ccccc1,9.982271233039569
BrC(I)I,9.91393795079457
O=[N+]([O-])C(Cl)Cl,8.709161976590332
Cc1ccc(NC(=O)N(C)C)cc1Cl,9.854054690382702
C[C@@H]1CN(c2c(F)c(F)c3c(=O)c(C(=O)O)cn(C4CC4)c3c2F)C[C@H](C)N1,9.840053047228379
Nc1nc[nH]c(=O)n1,9.32214619648928
OCc1ccccc1,10.04347297635396
CC(=O)OOC(C)=O,7.778075625191821
CCN1CCN(c2cc3c(cc2F)c(=O)c(C(=O)O)cn3C2CC2)CC1,9.899928200970837
Cc1cc(NS(=O)(=O)c2ccc(N)cc2)no1,9.929964780042294
CCCCN,9.913888311353485
NC(=O)C(Br)Br,7.762892854575813
O=[N+]([O-])C(Cl)(Cl)Br,8.087635881017189
CC(C)=CC(=O)O,9.953879845866615
Cc1ccnc(NS(=O)(=O)c2ccc(N)cc2)n1,9.889930860629095
Clc1ccccc1Cl,10.015980560108487
BrC(Br)C(Br)Br,8.342211340446664
O=C(O)c1c(F)c(F)c(F)c(F)c1F,9.041261790079112
CCOCCOCC,9.537436701607039
OCCCCO,9.505089986927963
C1=CCCC=C1,9.944427212270707
O=C(O)CCCCCCCCC(=O)O,9.806089986991942
O[C@H](CS)[C@H](O)CS,10.176045629763921
COc1ccccc1OC,9.840001671878266
CCCC[C@H](N)C(=O)O,9.397970004336019
CC(/C=C/C=C(\C)C(=O)O[C@@H]1O[C@H](CO[C@@H]2O[C@H](CO)[C@@H](O)[C@H](O)[C@H]2O)[C@@H](O)[C@H](O)[C@H]1O)=C\C=C\C=C(C)\C=C\C=C(/C)C(=O)O[C@@H]1O[C@H](CO[C@@H]2O[C@H](CO)[C@@H](O)[C@H](O)[C@H]2O)[C@@H](O)[C@H](O)[C@H]1O,10.480970645925614
Nc1[nH]c(=O)nc2nc[nH]c12,10.07910874841905
CC1CCc2cc(F)cc3c(=O)c(C(=O)O)cn1c23,9.920061663145363
COP(=O)(OC)OC,8.514960712020411
C=CCl,10.183465623517858
O=C(O)CCCCC(=O)O,9.301017997465593
O=[N+]([O-])CBr,7.9221237663756074
[O]N1C2CCCC1CC(=O)C2,9.653106256887673
CCOCC,9.725340881049476
O=C(O[C@@H]1Cc2c(O)cc(O)cc2O[C@@H]1c1cc(O)c(O)c(O)c1)c1cc(O)c(O)c(O)c1,10.230280575861421
Nc1nc2c(ncn2[C@@H]2O[C@H](CO)[C@@H](O)[C@H]2O)c(=O)[nH]1,9.90302999566398
O=[N+]([O-])c1ccc(C=NO)o1,10.0
CCCCCCCC,10.179216556864219
COC(C)(C)C=O,9.6009837374747
O=C(O)c1cc(=O)[nH]c(=O)n1[C@@H]1O[C@H](CO)[C@@H](O)[C@H]1O,9.602029995663981
O=Cc1ccco1,9.892063068511908
CNC(C)=O,9.550059991385309
CC(C)(C)C(N)=O,9.176054755422275
OCCc1ccccc1,9.988522676561319
CCCC[S+]([O-])CCCC,9.903053992196778
CN/C(=C\[N+](=O)[O-])NCCSCc1ccc(CN(C)C)o1,9.792391689498254
COC1OC(CO)C(O)C(O)C1O,9.505074989159954
Nc1ccc([N+](=O)[O-])cc1,10.146076822271295
C#C[C@]1(O)CC[C@H]2[C@@H]3CCc4cc(O)ccc4[C@H]3CC[C@@]21C,9.690098040014256
O=C(O)COc1ccc(Cl)cc1Cl,9.754431023863585
O=C(O)CO,8.732236255929188
Cc1cc(C)c(C)cc1C,9.846290885746665
Cc1ccc(C)c(C)c1,9.90182987054123
C=C1C(CCl)(CCl)C2(Cl)C(Cl)C(Cl)C1(Cl)C2(Cl)Cl,8.667452952889954
CC(C)c1ccc(NC(=O)N(C)C)cc1,10.004527908346729
CC(C)(Oc1ccc(CCNC(=O)c2ccc(Cl)cc2)cc1)C(=O)O,9.899910251213548
CC1=C(C(=O)O)N2C(=O)[C@@H](NC(=O)[C@H](N)c3ccccc3)[C@H]2SC1,9.929964780042294
COc1ccc(OC)cc1,9.8450588240057
Fc1cc(F)cc(F)c1,9.612870314087894
C[N+](C)(C)C(Cc1c[nH]c(=S)[nH]1)C(=O)[O-],10.07912083069842
Cc1[nH]cnc1CSCCN,10.07912083069842
CCOCCO,9.493557793959425
Cc1ccc(Cl)c(Cl)c1,9.230224460613481
CCCCCCCCCC(CCCCCCCC(=O)OC)OS(=O)(=O)[O-],9.791896883006707
NC(Cc1c[nH]c2ccccc12)C(=O)O,10.110032529408153
NCC(=O)O,7.2302992809188495
Nc1ccncc1,9.698982002534407
Nc1ccc(S(=O)(=O)O)cc1,9.462397997898956
CC(=O)Nc1ccc(O)cc1,9.990668745908957
CC(=O)c1ccco1,9.653141675887671
O=Nc1ccccc1,10.25518167006887
COc1ccc(O[C@@H]2O[C@H](CO)[C@@H](O)[C@H](O)[C@H]2O)cc1,10.0
OCCN(CCO)c1nc(N2CCCCC2)c2nc(N(CCO)CCO)nc(N3CCCCC3)c2n1,10.120990980647198
N[C@@H](CCC(=O)O)C(=O)O,8.204059991327963
C=C(C)C(=O)O,10.195899652409233
Cl/C=C/Cl,9.669270541933452
ClCI,9.602039994218641
Cc1c(C)c(C)c(C)c(C)c1C,9.857199497772507
O=[N+]([O-])c1cccc([N+](=O)[O-])c1,9.040464228386075
O=CC(Cl)(Cl)Cl,9.384945899154204
C[S+](C)[O-],9.856385177561439
O=C(CO)[C@@H](O)[C@H](O)[C@H](O)COP(=O)(O)O,9.95391989724441
Cc1ccc(Cl)cc1,10.073484453873562
Cc1c[nH+]cc(C)c1,9.230149640459425
O=C(NC(CO)C(O)c1ccc([N+](=O)[O-])cc1)C(Cl)Cl,9.762964186836301
Cc1ncc(COP(=O)(O)O)c(CN)c1O,9.838924545368627
O=C(O)Cc1cccc2ccccc12,10.0
Nc1ncnc2c1ncn2[C@@H]1O[C@H](COP(=O)(O)OP(=O)(O)OC[C@H]2OC(O)[C@H](O)[C@@H]2O)[C@@H](O)[C@H]1O,9.62312464519895
Oc1ccccc1,10.006346697044581
Cc1ncc([N+](=O)[O-])n1C,9.562292864152157
Cc1c[nH]c(=O)[nH]c1=O,9.769564234406852
Nc1ccc2[nH]ccc2c1,10.51867595991859
CCOP(C)(=O)OCC,9.025075625191821
Fc1cccc(Cl)c1,9.681120618687793
C1CCCCCC1,10.22749690836208
ClC=C(Cl)Cl,9.923771197425173
CN(C)[C@@H]1C(=O)/C(=C(\N)O)C(=O)[C@@]2(O)C(=O)C3=C(O)c4c(O)cccc4[C@@](C)(O)[C@H]3C[C@@H]12,9.910045272797035
COC(C)=O,8.847898747951934
O=C1C(O[C@H]2O[C@H](CO)[C@@H](O)[C@H](O)[C@H]2O)=C(O)O[C@@H]1[C@@H](O)CO,9.602029995663981
CCSC(=O)N1CCCCCC1,9.749269442652544
CSCCC=O,9.913888311353485
CC(O)CC(C)O,9.361836701607038
NC(Cc1ccccc1)C(=O)O,9.815205254960516
CCCC(=O)Nc1ccc(OCC(O)CNC(C)C)c(C(C)=O)c1,9.659958100034924
O=C(O)/C=C/C(=O)O,9.778100833525155
N#Cc1ccc(C#N)cc1,8.892056761676193
CCCC(=O)O,9.721878007107401
OCCCCCO,9.556181500506913
CCN(CCO)S(=O)(=O)C(F)(F)C(F)(F)C(F)(F)C(F)(F)C(F)(F)C(F)(F)C(F)(F)C(F)(F)F,9.021189299069938
CC(C)C=O,9.685759199159582
Cc1ncc([N+](=O)[O-])n1CCO,9.761654709235549
CN1/C(=C(/O)Nc2ccccn2)C(=O)c2ccccc2S1(=O)=O,10.230336691033706
CNCC(O)c1ccc(O)c(O)c1,10.342281787214807
N[C@@H](CCC(=O)N[C@@H](CS)C(=O)NCC(=O)O)C(=O)O,10.361863918008797
CCCCCCCO,10.067292687946196
CCC(=O)CC,9.571730684559414
O=C[C@H](O)[C@H](O)[C@H](O)CO,9.204039994218641
O=C(O)CCCCCCC(=O)O,9.681144742350234
CON,10.146076822271295
Cn1c([N+](=O)[O-])cnc1COC(N)=O,9.35218251803712
C=CCC#N,9.838657323994553
O=C[C@@H](O)[C@H](O)[C@H](O)CO,9.255090835034437
OCCO,9.598175271217146
Nc1nc2c(ncn2[C@H]2C[C@H](O)[C@@H](COP(=O)(O)O)O2)c(=O)[nH]1,9.833049037304262
O=c1ccn([C@@H]2O[C@H](CO)[C@@H](OP(=O)(O)O)[C@H]2O)c(=O)[nH]1,9.826037401350414
NC(=O)CC(N)C(=O)O,7.69013072001901
Oc1c(Cl)cc(Cl)cc1Cl,9.920839281863717
OCC(O)CO,9.276030250143933
[O-][S+](CCO)CCO,9.724183913067192
CC(=O)N[C@H]1C(O)O[C@H](CO)[C@H](O)[C@@H]1O,9.204059991327963
Cn1cncc1C[C@H](NC(=O)CCN)C(=O)O,9.6231661935986
OC[C@H]1O[C@@H](Oc2ccccc2)[C@H](O)[C@@H](O)[C@@H]1O,9.643226338243094
CCOP(=S)(Cl)OCC,9.399673721481038
O=C(O)[C@@H](O)[C@H](O)C(=O)O,8.845098040014257
Fc1cccc(F)c1F,9.568121034426797
CC(C)C(N)=O,9.204068561615978
CC(C)NCC(O)COc1ccc(CC(N)=O)cc1,9.850008314422443
C=C(C)[C@H]1CN[C@H](C(=O)O)[C@H]1CC(=O)O,9.39093510710338
COc1ccc(O)c(C(C)(C)C)c1,9.869939402659774
CC(C)(C)[N+]([O-])=Cc1ccccc1,9.919102392749686
CC1(C)[C@@H](O[C@H]2O[C@H](C(=O)O)[C@@H](O)[C@H](O)[C@H]2O[C@@H]2O[C@H](C(=O)O)[C@@H](O)[C@H](O)[C@H]2O)CC[C@]2(C)[C@H]3C(=O)C=C4[C@@H]5C[C@@](C)(C(=O)O)CC[C@]5(C)CC[C@@]4(C)[C@]3(C)CC[C@@H]12,9.414986673985409
CN(C)C(=O)N=NC(=O)N(C)C,9.687168331055833
O=C(O)c1ccccc1,9.471772188751846
C/C(=C/C=C/[C@@H](C)C(=O)O)[C@H]1CN[C@H](C(=O)O)[C@H]1CC(=O)O,9.96473092105363
OCC(CO)(CO)CO,9.51867595991859
CC(=O)CCl,8.227886704613674
CC(C)(COP(=O)(O)OP(=O)(O)OC[C@H]1O[C@@H](n2cnc3c(N)ncnc32)[C@H](O)[C@@H]1OP(=O)(O)O)[C@@H](O)C(=O)NCCC(=O)NCCS,9.491180846917135
CCNc1nc(NC(C)C)nc(OC)n1,9.51867595991859
CCC[C@H](NC(=O)CN)C(=O)O,9.44707901567111
COC1=C(O)C(=O)O[C@@H]1[C@@H](O)CO,10.477060627359831
Cc1cn(C)c2ccccc12,10.041261790105485
c1ccc(-c2ccccn2)nc1,9.848782400869139
CNC(=O)O/N=C/C(C)(C)SC,9.910060363729379
Cc1noc(NS(=O)(=O)c2ccc(N)cc2)c1C,9.866287339028064
Cc1cc2nc3c(=O)[nH]c(=O)nc-3n(CC(O)C(O)C(O)COP(=O)(O)O)c2cc1C,9.397970004336019
CNC(=O)C(C)(C)C,9.380126745084644
CCCOC(C)=O,9.53339735122608
CNC(=O)Oc1cccc2c1OC(C)(C)C2,9.505093736449941
CC(=O)N(O)CCCCCNC(=O)CCC(=O)N(O)CCCCCNC(=O)CCC(=O)N(O)CCCCCN,10.113962234871225
O=c1cnn(C2OC(CO)C(O)C2O)c(=O)[nH]1,9.857332496431269
O=C(O)CC(O)(CC(=O)O)C(=O)O,7.698982002534407
O=c1c(O)c(-c2ccc(O)cc2O)oc2cc(O)cc(O)c12,9.230224460689138
Nc1ncnc2nc[nH]c12,9.759203456568377
Cc1cccc(C)c1C,9.957540850003562
Brc1ccccc1,10.09403564202796
Oc1c(Cl)cc(Cl)c(Cl)c1Cl,9.565847818673518
C1=CC=CCC=C1,10.0025
CCOP(=S)(OCC)OCC(F)(F)F,9.130333768495007
COc1ccc2cc(C(C)C(=O)O)ccc2c1,9.980138958700515
O=C(O)CC(O)C(=O)O,8.913875901525193
O=c1[nH]cc([N+](=O)[O-])c(=O)[nH]1,9.765634224176402
Cc1c([N+](=O)[O-])cc(N)cc1[N+](=O)[O-],9.278753600952829
C[C@]12CC[C@@H]3c4ccc(O)cc4CC[C@H]3[C@@H]1CC[C@@H]2O,10.149687645062151
COCC(=O)Nc1c(I)c(C(=O)NCC(O)CO)c(I)c(C(=O)N(C)CC(O)CO)c1I,9.519913996887858
CC(C)C(O)c1ccccc1,9.977861802572212
NC(N)=Nc1nc(CSCCC(N)=NS(N)(=O)=O)cs1,10.07912083069842
CC(C)(C)C(=O)O,8.812948014057143
Cc1c([N+](=O)[O-])cccc1[N+](=O)[O-],9.179590778917268
NC(CC(=O)c1ccccc1NC=O)C(=O)O,9.903044993495973
CN(C)N=O,8.663757661300428
C1CCOCC1,9.820676665221328
CNC(=O)Oc1cccc2ccccc12,9.902533390587307
O=C(O)C(Cl)Cl,8.113981117435612
CC(C)Nc1nc(Cl)nc(NC(C)C)n1,9.108469373866425
C=CC(=O)NCO,9.531478917042255
CCOP(=S)(OCC)SCC,9.492760389026838
C=C(C)C#N,10.075408098905287
Cc1cn([C@H]2C[C@H](O)[C@@H](CO)O2)c(=O)[nH]c1=O,9.67204892896786
C=CC(N)=O,9.753818393146528
Clc1cccc(Cl)c1C(Cl)Cl,9.690098040014256
NC(CO)(CO)CO,9.176054755422275
O=C1CCCN1,9.342211340411104
Cc1cc(C(C)(C)C)c(O)c(C(C)(C)C)c1,9.510272505103305
O=c1cccc[nH]1,9.8455780160124
CCOC(C)=O,9.135029995609322
Oc1cc(O)c2c(c1)O[C@H](c1ccc(O)c(O)c1)[C@@H](O)C2,9.113971676153419
O=C(COP(=O)(O)O)[C@@H](O)[C@H](O)[C@H](O)COP(=O)(O)O,9.907982840537423
CCC(=O)OC,9.867248272466975
C1=CCC=CC1,9.90248550216377
O=[N+]([O-])c1ccc(Cl)c([N+](=O)[O-])c1,8.910045272797035
COc1cc(NS(=O)(=O)c2ccc(N)cc2)nc(OC)n1,9.910624404963068
NCC(=O)OC(=O)CN,9.0
OCCCSCCCO,10.146085357118826
O=C(O)CCC(=O)Nc1ccc(S(=O)(=O)Nc2nccs2)cc1,9.662878915840787
O=C([O-])c1ccccc1,9.757411260882535
CCCCNCCN=O,9.491180846958567
O=[N+]([O-])C(Br)(Br)Br,8.259993655008639
CCCCCBr,8.909340623023812
CC(C)[N+](=O)[O-],8.68421166016398
O=C1CCC(=O)N1Br,8.698985002168008
C[S+]([O-])c1ccccc1,9.98692240540675
C=C(C)C(=O)OC1CCCCC1,10.176060839370455
Cc1ccc([N+](=O)[O-])cc1,9.929964780042294
CC(=O)c1ccccc1,10.099545550771124
O=C(O)CN(CC(=O)O)CC(=O)O,9.322131576893568
CCC(=O)O,8.991514273279961
OCC1OC(Oc2ccc(O)cc2)C(O)C(O)C1O,9.491180846917137
CCCOC(=O)c1cc(O)c(O)c(O)c1,10.07912083069842
O=CC(Cl)(Cl)Br,8.5910215356755
COc1cc([N+](=O)[O-])cc([N+](=O)[O-])c1,9.693213335792553
CC(C)C(N)C(=O)O,8.82010072974282
[O-][S+]1CCCC1,9.8450588240057
CC(O)S,9.832832987523805
O=[N+]([O-])c1cccc(O)c1,9.699945908622414
CSCC[C@H](NC(=O)[C@H](CCSC)NC(=O)[C@@H](N)CCSC)C(=O)O,10.0
COc1ccccc1,10.018740182806564
CN(C)C(=S)N(C)C,9.903053992196778
O=c1[nH][nH]c(=O)c2c(O)cccc12,10.079090623023813
COC(C)(C)C(=O)O,8.88776994261816
Cn1c(=O)c2[nH]cnc2n(C)c1=O,9.799227032969055
NC(=O)C(Cl)Br,7.82006715316188
Cc1cccc(C)c1,10.000858859681259
ClC1=C(Cl)C(Cl)(Cl)C(Cl)=C1Cl,8.953879845866615
Cc1c(C(=O)O)c(O)cc2c1C(=O)c1c(O)c([C@H]3O[C@H](CO)[C@@H](O)[C@H](O)[C@H]3O)c(O)c(O)c1C2=O,10.113962234871225
C=CC=O,9.987549020004751
O=[N+]([O-])c1ccccc1O,10.226046117914839
Nc1ccccc1,10.164603068089113
C=CC(=O)NC,10.113966010922734
C[C@H]1CCC[C@@]2(C)CCCC[C@]12O,9.889953907086063
Clc1ccncc1,9.491217016333708
CNC(=O)C(C)C,9.278852160581133
O=C(O)C(Br)(Br)Br,7.963929275781852
NCCCCNC(=O)/C=C/c1ccc(O)cc1,9.477080836479775
Oc1ccc(Cl)cc1Cl,10.194133643625387
CC(=O)Nc1cccc(C(=O)O)c1,9.72999142856652
CN[C@@H](C)[C@H](O)c1ccccc1,9.361863918008797
ClCCCl,9.001816725516916
COC(=O)C(Cc1ccccc1)NC(=O)C(N)CC(=O)O,9.718501688955758
CCOC(C)(C)C,9.584052474004695
CN(C)C=O,9.23029928091885
Cc1ccc(C)c(OCCCC(C)(C)C(=O)O)c1,9.850013303075908
C1CO1,8.713921123068745
Cc1c(N)cc([N+](=O)[O-])cc1[N+](=O)[O-],9.204119982655925
O=C(O)c1cc(O)ccc1O,10.136720567156408
Cc1ncc(COP(=O)(O)O)c(C=O)c1O,9.832967189421966
CCn1cc(C(=O)O)c(=O)c2cc(F)c(N3CCNC(C)C3)c(F)c21,9.910045272797035
COc1nc(OC)nc(OC)n1,8.313920332147662
O=S([O-])[O-],9.736396502276643
N[C@@H](Cc1ccc(O)cc1)C(=O)O,10.12039728328907
CC(C)[S+]([O-])C(C)C,9.832832987523805
NC(=O)c1ccccc1,9.565521384547448
c1cc2ccc3cccc4ccc(c1)c2c34,9.437304778163845
CC(=O)c1c(F)c(F)c(F)c(F)c1F,9.181660500153459
Cc1ccc(N)cc1C,9.792391689498254
OCCSCCO,10.235595835034436
c1ccoc1,9.79078230351325
O=NN1CCCC1,9.243019024421574
CCCCCCN,10.11397167557671
COc1cccc(OC)c1C(=O)NC1C(=O)N2C1SC(C)(C)C2C(=O)[O-],10.0
NC1CONC1=O,9.979181754785257
OCCCl,9.456528469262949
Fc1cc(F)c(F)c(F)c1F,9.8450588240057
O=C(O)[C@@H]1C[C@@H](O)CN1,8.505074989159954
NC(=O)c1ccco1,9.74024179291379
C/C(=C/C=C/[C@@H](C)C(=O)[O-])[C@H]1CN[C@H](C(=O)[O-])[C@H]1CC(=O)[O-],9.96473092105363
Cc1ccc(O)c(O)c1,10.196580426680729
OC[C@@H](O)C(O)[C@H](O)CO,9.255181670068872
Cc1cc2c(-c3ccccc3)c3cc(C)c(N)cc3nc2cc1N,10.146085357118826
c1ccccc1,10.444884649903612
CC(O)CO,9.56817956855131
CC(C)C[C@H](NC(=O)CN)C(=O)O,9.397970004336019
COc1cc(/C=C/C(=O)NCCCCN)ccc1O,10.0
Oc1ncc2[nH]cnc2n1,9.698985002168008
c1ccc(-c2ccco2)cc1,10.204071989062372
CN1C[C@@H]2C[C@H]1CN2c1cc2c(cc1F)c(=O)c(C(=O)O)cn2C1CC1,9.790114065613297
O=CC[C@@H](O)[C@H](O)[C@H](O)CO,9.447052677114073
CC(=O)Nc1ccc(O)c(O)c1,9.672097857935718
OCCBr,8.602581250963802
C=C(Cl)Cl,9.71212741236324
N#CC(Cl)(Cl)Cl,7.591043071351
CC(C)c1ccccc1,10.20378063169585
O=[N+]([O-])C(Br)Br,8.676816165849946
c1c[nH]cn1,9.77237475469054
CC(=O)c1cc(O)ccc1N,9.90848501887865
C=Cc1ccccc1,9.893575625191822
O=C(O)CSCC(=O)O,9.778090750153456
CC(C)(O)CCc1ccccc1,9.770926005910537
ICI,10.13660964736696
OCCN(CCO)C(CO)(CO)CO,9.477080836479775
ClCCCI,9.672065238623812
C=O,9.445800709594765
CCCC(=O)OCC,9.730559991327963
C=C(C)C(N)=O,10.113964595191774
NC(=O)C(=O)N/N=C/c1ccc([N+](=O)[O-])o1,10.003209306176291
CC1CO1,9.044970004390677
O=[N+]([O-])c1ccc(O[C@@H]2O[C@H](CO)[C@@H](O)[C@H](O)[C@H]2O)cc1,9.579891798308404
CN(C)[C@@H]1C(=O)/C(=C(\N)O)C(=O)[C@@]2(O)C(=O)C3=C(O)c4c(O)ccc(Cl)c4[C@@](C)(O)[C@H]3C[C@@H]12,9.720063721362383
O=C([O-])CNS(=O)(=O)C(F)(F)C(F)(F)C(F)(F)C(F)(F)C(F)(F)C(F)(F)C(F)(F)C(F)(F)F,8.724275869600788
C1CCCC1,10.05472825950034
Oc1c(O)c(Cl)c(Cl)c(Cl)c1Cl,9.895422546039407
C1COCCN2CCOCCOCCN(CCO1)CCOCCOCC2,9.770926005821073
BrCCCCBr,9.812956678321427
C1OCOCO1,9.51504562951856
O=c1nc[nH]c(=O)[nH]1,9.845065360009505
OCCS,9.832672608470824
CC[C@H](N)C(=O)N(CC(=O)O)C(=O)CC[C@H](N)C(=O)O,9.65220089723003
O=C(O)C(Cl)(Cl)Br,7.6720326193119055
O=C(O)CCl,7.618412235251576
CCCBr,9.165224460689135
CC(N)=O,8.27885216058113
COc1ccc2[nH]ccc2c1,10.167799329591363
Nc1nc(=O)c2[nH]cnc2[nH]1,9.963787827345556
CN1CCN(c2c(F)cc3c(=O)c(C(=O)O)cn4c3c2OCN4C)CC1,9.959997935331367
O=CC(O)COP(=O)(O)O,9.959013797440365
C=CS(=O)(=O)C=C,9.610156926191857
N[C@@H](Cc1c[nH]cn1)C(=O)N[C@@H](Cc1c[nH]cn1)C(=O)O,9.95391989724441
NCC(N)=O,9.19242536434342
Cn1c(=O)c2c(ncn2C)n(C)c1=O,9.838899393868628
CC(Br)CBr,8.82602493423361
O=P(O)(Oc1ccccc1)Oc1ccccc1,10.096955005752015
O=c1ccc2ccc(O)cc2o1,10.0
O=NN1CCCCC1,9.474108132019065
O=C1C=CC(=O)c2c(O)ccc(O)c21,9.605008159196334
Clc1ccc(Cl)c(Cl)c1,11.021594345537629
CCN(CC(=O)[O-])S(=O)(=O)C(F)(F)C(F)(F)C(F)(F)C(F)(F)C(F)(F)C(F)(F)C(F)(F)C(F)(F)F,8.832508912706237
Cc1cccc(C)c1O,10.375824449661803
COc1cc(OC)c(OC)cc1OC,9.845049020004277
O=C(O)CNCc1cccnc1,9.041130895052742
Oc1cc(Cl)c(Cl)cc1Cl,10.079090624011906
O=CCCl,9.686795311511906
CNCC(=O)c1ccc(O)c(O)c1,10.255181670068872
O=c1cc[nH]c(=S)[nH]1,9.982271233039569
COc1cc(OC)cc(OC)c1,9.90829101135146
CCC[N+](=O)[O-],8.963965719288014
COc1cccc(OC)c1OC,9.8450588240057
CC[C@H]1OC(=O)[C@H](C)[C@@H](OC2CC(C)(OC)C(O)C(C)O2)[C@H](C)[C@@H](OC2OC(C)CC(N(C)C)C2O)[C@](C)(O)C[C@@H](C)/C(=N\OCOCCOC)[C@H](C)[C@@H](O)[C@]1(C)O,9.729987142849778
COc1cc(C(=O)O)ccc1O,9.167317334748176
Cc1cccc(Cl)c1,9.858361685087567
CC(=O)CCCCn1c(=O)c2c(ncn2C)n(C)c1=O,9.886139021657971
Cc1ccc(C=O)o1,9.918960911320776
Sc1nc2ccccc2[nH]1,9.90302999566398
COP(C)(=O)OC,9.063584283855993
CC1(N)CCSC1=O,9.44707901567111
c1ccc2c(c1)CCN2,10.579855731077872
CC(S)C(=O)NCC(=O)O,9.672065238623812
O=P(O)(O)OC[C@H]1O[C@@H](n2cnc3c(O)ncnc32)C[C@@H]1O,9.869077239910325
Clc1ccccc1Br,9.301014997899197
ClCCl,8.446247025129892
O=c1nc2[nH][nH]cc-2c(=O)[nH]1,9.698985002168008
CCCC(C)=O,9.62071013381761
Oc1ccc(O)c(O)c1,9.934299070697426
COCCc1ccc(OCC(O)CNC(C)C)cc1,9.904934641549287
Cc1cccc(C)n1,9.541447770759964
OCC(Cl)(Cl)Cl,9.42049971607958
Cc1cc2ccccc2[nH]1,10.531359187781693
C=CCO,9.946319749111911
CCNc1nc(NCC)nc(SC)n1,10.414984009188327
OC1CCCCCC1,9.230224460594568
N[C@@H](C[Se][Se]C[C@H](N)C(=O)O)C(=O)O,10.230224460689136
OC(c1ccc(Cl)cc1)(c1ccc(Cl)cc1)C(Cl)(Cl)Cl,9.570271469940948
C=Cc1c(C)c2cc3[nH]c(cc4nc(cc5nc(cc1[nH]2)C(C)=C5CCC(=O)OC)C(CCC(=O)OC)=C4C)c(C)c3C=C,10.77807562519182
C=CC(=O)CC,9.670122926537063
O=C(c1ccccc1)c1ccccc1,9.952864663478397
CCN(CC)CCNC(=O)c1ccc(N)cc1,10.146085357118826
Cc1cn([C@H]2C[C@H](O)[C@@H](COP(=O)(O)O)O2)c(=O)[nH]c1=O,9.716001671817398
O=c1cc(-c2ccccc2)oc2ccccc12,8.230224460689138
CCCN,9.847595111026244
C=CO,8.976054755422274
CC(=O)/C=C/C1=C(C)CCCC1(C)C,9.889953907086063
O=Cc1c(F)c(F)c(F)c(F)c1F,9.301019997165325
CC(C)(C)O,9.174609425684642
CCOP(=O)(CN(CCO)CCO)OCC,10.198828544238605
CCC,9.924498072497824
CN(C)c1ncnc2c1ncn2[C@@H]1O[C@H](CO)[C@@H](O)[C@H]1O,9.806119982655924
O=S(=O)(O)c1ccc(Cl)cc1,8.301029995663981
Fc1ccc(F)c(F)c1,9.591038764210598
c1ccc2n[nH]nc2c1,9.880813592280791
CC(C)N,9.902488015771324
CC(=O)C(C)O,9.680513141670982
C[C@H]1c2cccc(O)c2C(O)=C2C(=O)[C@]3(O)C(=O)/C(=C(/N)O)C(=O)[C@@H](N(C)C)[C@@H]3[C@@H](O)[C@@H]21,9.880120887947742
Cc1cc[n+]([O-])cc1,9.447105354228146
Cc1ccc(C)s1,9.857020462271384
O=C(O)COc1ccccc1,10.0
ClCc1ccc(Cl)c(Cl)c1,9.397970004336019
Oc1ccc(Cl)cc1,9.953710406398109
O=[N+]([O-])c1ccc(Cl)cc1,9.113962234820086
Cc1ccc(OP(=O)(Oc2ccccc2)Oc2ccccc2)cc1,9.87596444439791
CCCCCl,9.912739458514086
Cc1[nH]c(=O)[nH]c(=O)c1[N+](=O)[O-],9.724183913067192
CC1(C)S[C@@H]2[C@H](NC(=O)[C@H](N)c3ccc(O)cc3)C(=O)N2[C@H]1C(=O)O,9.840042437782703
C[C@H](NC(=O)CN)C(=O)O,8.544034022175138
CNC(=O)NC,9.414984008788327
C=CC(C)=O,9.900737781096078
O=c1ccn([C@@H]2O[C@H](COP(=O)(O)O)[C@@H](O)[C@H]2O)c(=O)[nH]1,9.48386668759631
Cc1cc(C)cc(C)c1,9.896853992195165
CC(O)c1ccc(C#N)cc1,9.397970004336019
COC(CCl)OC,9.176060839370455
CC1(C)S[C@@H]2[C@H](N)C(=O)N2[C@H]1C(=O)O,9.380211241711606
c1ccc2c(c1)ccc1ccccc12,10.465863918008797
ClC(Cl)(Cl)I,9.544022681450093
Clc1ccc2[nH]ccc2c1,10.301019997109321
COc1cc(C2Oc3cc(C4Oc5cc(O)cc(O)c5C(=O)C4O)ccc3OC2CO)ccc1O,10.25520437882748
CC(C)(C)OC=O,10.424250844433637
Cc1ccccc1O[C@@H]1O[C@H](CO)[C@@H](O)[C@H](O)[C@H]1O,9.672032619311906
CCCCCCCCN,10.16417642894611
CC(C)(O)C(Cl)(Cl)Cl,8.429876140001204
O=P(OCCCl)(OCCCl)OCCCl,8.720801192892266
CCN(O)CC,9.261638342768945
ClC=CCl,9.595695899154203
[O-][S+](c1ccccc1)c1ccccc1,9.799227032893457
Cc1c[nH]c(=O)nc1N,9.778100833589095
Cc1c[nH]c2ccccc12,10.51867595991859
Cc1ccc(O)cc1,10.115280912472379
CN,9.936749942334497
Fc1ccccc1,10.156604094557498
O=C(O)CS,9.079090623011906
NC(=O)C(Cl)(Cl)Cl,6.32207309824464
CC1=C(C=O)C(C)(C)CCC1,9.869939402659774
O=C(O)[C@H](CS)N[Se]N[C@@H](CS)C(=O)O,9.908063677017198
O=C(O)/C=C\C(=O)O,9.778100833525155
N#CCBr,7.602019997109321
O=C1C=CC(=O)C=C1,9.455908852511905
NCCC(=O)N[C@@H](Cc1cnc[nH]1)C(=O)O,9.612701664393086
Nc1[nH]c(=O)[nH]c(=O)c1O,9.698980002890679
Sc1ncnc2[nH]ncc12,10.087320130478016
Cc1ccc(S(=O)(=O)O)cc1,8.913813852383717
COC(C)OC,9.626842783705554
CC(C)(O)C=O,9.477030313679915
ClCC1OCCO1,9.544034022175138
NC(N)=S,9.933426211600166
O=CCO,9.784060839370454
CSCC[C@H](NC(=O)[C@H](CCSC)NC(=O)CNC(=O)[C@@H](N)CCSC)C(=O)O,10.079090623023813
CC(O)O,9.079108747619049
Brc1ccccc1Br,9.36186391800528
O=C(O)c1ccc(O)cc1O,9.33645973384853
Oc1ccc(Cl)cc1O,9.8450588240057
c1ccc2[nH]nnc2c1,9.880925436856158
O=C(O)CCCC(=O)O,8.91904685535043
CCCCCCCCCC,10.27102999566398
O=C(O)Cc1ccccc1Nc1c(Cl)cccc1Cl,9.954212779206918
CC(C)(C)c1ccc(O)cc1,10.278852160381131
Nc1ccn([C@H]2C[C@H](O)[C@@H](COP(=O)(O)O)O2)c(=O)n1,9.690098040014256
BrCBr,8.806959234746033
CC(=O)c1ccc([N+](=O)[O-])cc1,9.508459112996556
C[C@H](O)C(=O)Nc1c(I)c(C(=O)NC(CO)CO)c(I)c(C(=O)NC(CO)CO)c1I,9.530066566067694
CC[C@H]1OC(=O)[C@H](C)[C@@H](O[C@H]2C[C@@](C)(OC)[C@@H](O)[C@H](C)O2)C(C)[C@@H](O[C@@H]2O[C@H](C)C[C@H](N(C)C)[C@H]2O)[C@](C)(O)C[C@@H](C)CN(C)[C@H](C)[C@@H](O)[C@]1(C)O,9.459696243879616
CC1(O)CC2CCC1(C)C2(C)C,9.63346845585986
N#C[C@H](O[C@@H]1O[C@H](CO[C@@H]2O[C@H](CO)[C@@H](O)[C@H](O)[C@H]2O)[C@@H](O)[C@H](O)[C@H]1O)c1ccccc1,9.662878915840787
CC(=O)OCCO,8.959024835328439
C1=CCCCC1,10.000741336075086
Nc1ccc(C(=O)[O-])cc1,10.066906401785367
Nc1ncnc2c1ncn2[C@@H]1O[C@H](COP(=O)(O)OP(=O)(O)OP(=O)(O)O)[C@@H](O)[C@H]1O,9.948950880485107
COc1c(Br)cc(Br)cc1Br,9.570180979960632
CN(C)c1ccc(N=O)cc1,10.140338667643398
O=CC=O,8.86006715316188
O=P(O)(O)OC[C@H]1O[C@@H](n2cnc3c(O)ncnc32)[C@H](O)[C@@H]1O,9.414991115990272
CO,9.302950556671398
CCC[C@H](N)C(=O)O,9.204059991327963
CCCc1ccccc1,10.54753063169585
O=C(O)CCCCCCCC(=O)O,9.732236255929188
CC(C)CC(C)(C)C,10.114131934002154
CCBr,9.20047167615342
CC(N)C(=O)O,8.078778763018606
c1ccc2ccccc2c1,10.148072572133673
CCOC(=O)CSCC(=O)OCC,9.079090623023813
Oc1ccc(O)cc1,10.231096839440617
OCCOCCO,9.521776314077973
CSC[S+](C)[O-],9.681144742425351
CCC(C)O,9.74736654664783
C1CCOC1,9.771580624414492
Nc1ncnc2c1ncn2[C@H]1C[C@H](O)[C@@H](COP(=O)(O)O)O1,9.544045362900183
CC(C)NCC(O)COc1cccc2ccccc12,10.029794592561736
CCCCCN,9.872145204746367
O=Cc1ccc(CO)o1,9.763026639322593
COc1ccc(C(=O)O)cc1OC,9.344392273685111
Nc1ccn([C@H]2C[C@H](O)[C@@H](CO)O2)c(=O)n1,9.778075625191821
O=C(O)CCCC[C@@H]1SC[C@@H]2NC(=O)N[C@@H]21,9.579891798308406
O=c1cc(-c2ccc(O)cc2)oc2cc(O)cc(O)c12,9.14606401783912
NCCCNCCS,9.924013748963526
O=[N+]([O-])c1ccccc1OC1OC(CO)C(O)C(O)C1O,9.62312464519895
CC(C)(C)Br,8.342281787214803
Nc1ccc2cc3ccc(N)cc3nc2c1,10.0
COc1cccc(Cl)c1,9.968241474366181
O=c1c(O)c(-c2cc(O)c(O)c(O)c2)oc2cc(O)cc(O)c12,9.32210964736696
O=C1CN(/N=C/c2ccc([N+](=O)[O-])o2)C(=O)N1,9.968245402775377
CSCC[C@H](N)C(=O)O,9.869115859865488
CCOP(C)(=S)OCC,9.808885867359812
COc1c(Cl)ccc(Cl)c1C(=O)O,9.540164737395436
ClC(Cl)C(Cl)Cl,9.15264250275507
CCC(C)C,10.05480133752696
ClCC(Cl)(Cl)Cl,9.147198786316977
C1CSCCS1,10.360727190025827
O=c1ccn([C@H]2C[C@H](O)[C@@H](COP(=O)(O)O)O2)c(=O)[nH]1,9.462198998949479
CCN1CCCC1=O,9.414986673985409
C1CCSC1,10.28706401783912
O=C([O-])CF,7.865898395308505
O=P(OCC(Br)CBr)(OCC(Br)CBr)OCC(Br)CBr,8.666992733472489
ClC(Cl)(Cl)Cl,11.110514997831991
CC=Cc1ccc(O)c(OC)c1,10.518837979959295
Brc1ccc2[nH]ccc2c1,10.204079988437286
NS(=O)(=O)c1ccccc1,9.4492900175608
CC=CC=CCO,9.99089134590157
C[Se]CC[C@H](N)C(=O)O,10.11397167615342
NC(Cc1c[nH]cn1)C(=O)O,9.681080412458527
O=C[C@H](O)[C@@H](O)[C@H](O)CO,9.342140893607402
COCCO,9.411638342768946
COc1cccc(OC)c1,9.857199497772507
CN(C)c1ccccc1,10.063115451043311
O=C[C@H](O)[C@H]1OC(=O)[C@@H](O)[C@H]1O,9.230224460689138
Cc1cncc(C)c1,9.846999070278837
CC(/C=C/C=C(\C)C(=O)O)=C\C=C\C=C(C)\C=C\C=C(/C)C(=O)O,10.36181855734506
CC/C=C/CC/C=C/C=O,10.020475719627976
Nc1ccn([C@@H]2O[C@H](CO)[C@@H](O)[C@H]2O)c(=O)n1,9.762839281863718
NC(=S)Nc1ccccc1,9.579855731077872
C=P([O-])(O)OCC[N+](C)(C)C,8.806059991327961
NC(=O)NN=Cc1ccc([N+](=O)[O-])o1,10.041196342579113
C=C(NC(=O)Cc1ccc(OC)cc1)C(=O)O,9.740181344747121
COc1cc(C(=O)O)cc(OC)c1OC,9.093421685162236
BrC(Br)Br,8.880573858109187
CC1(C)SC(C(NC(=O)Cc2ccccc2)C(=O)O)NC1C(=O)O,9.851129174359539
O=[N+]([O-])c1ccc(/C=N/O)o1,10.0
CCOCOCC,9.465059991385308
c1ccsc1,10.074882312297433
CCC1CO1,9.363380634730161
Nc1nc2c(ncn2[C@@H]2O[C@H](COP(=O)(O)O)[C@@H](O)[C@H]2O)c(=O)[nH]1,9.672032619311906
CC1CCCCC1,10.076903339543815
CCOP(N)(=S)OCC,9.287801729930226
C/C=C/C(=O)O,9.538493163340641
BrC(Br)I,9.806059991327961
Cc1c([N+](=O)[O-])cc([N+](=O)[O-])cc1[N+](=O)[O-],8.633468455579587
CCOC(=O)CCCCC(=O)O,9.477060627359831
Cc1ccccc1Cl,9.812956678392856
CCOC(=O)CC(SP(=S)(OC)OC)C(=O)OCC,9.589949601325708
O=[N+]([O-])C(Cl)(Br)Br,8.176030419685228
Cc1ccco1,10.269002057551214
C,8.065923956349208
O=C([O-])C(Cl)(Cl)Cl,7.778151250383644
COc1cc(O)cc(OC)c1,10.301017998265593
CCCCOCCOP(=O)(OCCOCCCC)OCCOCCCC,9.933668761460392
Cc1nc(O)cc(O)n1,9.869115859865488
CC(O)c1ccccc1,10.041196343789558
CCSSCC,10.14606401783912
CC(C)CC(N)C(=O)O,9.314774891705886
O=[N+]([O-])c1ccccc1,10.04417554195316
CCc1cccc(C)c1N(C(=O)CCl)C(C)COC,9.829973347970817
Nc1ccc(-c2ccc(N)cc2)cc1,10.176053234606535
O=C(O)CBr,8.301009998554662
CC(=O)CC(C)C,9.576776314077973
CCOP(=O)(OCC)OCC,9.38636847796739
COc1ccccc1O,10.301017998265593
Cc1ccc(Br)cc1,9.462198998969688
CCN(CC)Cc1cc(Nc2ccnc3cc(Cl)ccc23)ccc1O,9.778100833589095
Brc1cccc(Br)c1,9.27887680048585
Cc1ccccc1,9.956889405354408
COc1cc(NC(C)CCCN)c2ncccc2c1,10.07912083069842
CN(C)C(=O)Nc1ccccc1,9.857164879872617
CCC(N)C(=O)O,8.724183913067192
c1c[nH]c(Cc2ncc[nH]2)n1,9.968166220849193
Cc1ccccc1C,9.998364501175207
ClC(Cl)(Cl)Br,7.397980002890679
c1ccncc1,9.666353613995879
CNc1ncnc2nc[nH]c12,9.732262506548645
ClCBr,10.618646669557346
ClC1=C(Cl)C2(Cl)C3C(Cl)C(Cl)CC3C1(Cl)C2(Cl)Cl,9.94448267215017
CC12CCc3c(ccc4cc(O)ccc34)C1CCC2=O,10.230149640459425
CC(Cl)CCl,9.349168717523364
c1ccc([Se]c2ccccc2)cc1,10.041196342579111
COC(=O)CSCC(=O)OC,10.36181855734506
CCOC=COCC,9.3619319590044
CC(C)(C)C(=O)C(Oc1ccc(Cl)cc1)n1ccnc1,10.09342168838741
C=C(C)C=O,9.49956844429176
CCOP(=S)(OCC)SCSP(=S)(OCC)OCC,9.46686762035411
CN(C)C(=O)Nc1ccc(Cl)c(Cl)c1,9.834314616120839
Nc1ncnc2c1ncn2[C@@H]1O[C@H](CO)[C@@H](OP(=O)(O)O)[C@H]1O,9.87503063169585
Cc1cc(=O)n(-c2ccccc2)n1C,10.079090623023811
Cc1cc(C)nc(NS(=O)(=O)c2ccc(N)cc2)n1,9.92004933051629
CCC(O)C(=O)O,9.113966011322736
CC1=C(CCC(=O)O)c2cc3nc(cc4[nH]c(cc5[nH]c(cc1n2)c(C)c5C(C)O)c(C)c4C(C)O)C(C)=C3CCC(=O)O,10.113962234871225
Nc1ncnc2c1ncn2[C@@H]1O[C@H](COP(=O)(O)OP(=O)(O)O)[C@@H](O)[C@H]1O,9.907974260806135
O=[N+]([O-])c1cc(Cl)ccc1Cl,9.079181246047625
CN(CC(=O)O)C(=O)CN,9.101870457013122
O=c1ccc2ccccc2o1,9.301014997831992
O=c1cnn([C@@H]2O[C@H](CO)[C@@H](O)[C@H]2O)c(=O)[nH]1,9.856864445191441
OCC(O)c1ccc(O)c(O)c1,10.204059991327961
CC(C)Cc1ccc(C(C)C(=O)O)cc1,9.854296791978522
CCOP(=S)(S)OCC,9.993876914941211
CN(C)c1nc(=O)n(C2CCCCC2)c(=O)n1C,8.959025870200684
CC(C)(c1ccc(O)cc1)c1ccc(O)cc1,9.839765319912694
ClC(Cl)C(Cl)(Cl)Cl,7.0
Oc1cc(O)ncn1,9.755958285224164
C1COCCO1,9.71307662233571
CCC(C)(C)OC,9.751899338402021
Nc1c(F)c(F)c(F)c(F)c1F,9.982135616519784
Cc1ccc(C)c(C)c1C,9.857199497772507
C=CC,9.950056022863253
CC(=O)N[C@@H](CO)C(=O)O,8.880875728187194
C[C@H](N)C(=O)OC(=O)[C@H](C)N,9.07906041534921
CC(C)=O,9.204079221940521
Cc1[nH]c2ccccc2c1C,10.113962234871225
O=[N+]([O-])N1CCCCCC1,9.63812231423866
CCCCNCCCC,10.255136253775827
ClC(Cl)I,9.812971118880952
Cc1cc(C)c(C)c(C)c1C,9.87503675795668
Clc1ccc(Cl)cc1,10.191863546607657
C=CC(=O)OCCCC,10.201757339040228
Cc1cc(O)nc(N)n1,9.778050416794548
NCCCC(=O)O,8.643301784324125
CCO/C=C/OCC,9.361727836017593
OC[C@H]1O[C@@H](Oc2ccc(Cl)cc2)[C@H](O)[C@@H](O)[C@@H]1O,9.698985002168008
CC(C)CCO,9.796558465038936
CCN,9.793645781254328
O=C(COP(=O)(O)O)[C@@H](O)[C@H](O)[C@H](O)CO,9.708140300044903
Cc1ccc(OP(=O)(Oc2ccc(C)cc2)Oc2ccc(C)cc2)cc1,9.257839287467295
COc1ccc(O)cc1,10.414984009188327
COc1cc(Cc2cnc(N)nc2N)cc(OC)c1OC,9.920041108763575
O=Cc1ccccc1,9.851059671495397
NCCN,9.069911510610067
C=CC(=O)OCC,10.022223140127226
c1ccc([Te]c2ccccc2)cc1,10.11397167615342
NCCCCC(N)C(=O)O,8.544034022175138
O=[N+]([O-])C(Cl)Br,8.623149574159159
O=C1c2ccc(O)cc2O[C@H](c2ccc(O)c(O)c2)[C@H]1O,8.653106256887671
Cc1cc2ccccc2n1C,10.0
CC[S+]([O-])c1ccccc1,9.924013748963526
CNc1ncnc2c1ncn2[C@@H]1O[C@H](CO)[C@@H](O)[C@H]1O,9.778075625191821
O=S(=O)([O-])c1ccccc1,9.672097857935718
CC(=O)Nc1cc(S(=O)(=O)[O-])cc2cc(S(=O)(=O)[O-])c(/N=N/c3ccccc3)c(O)c12,9.5910646070265
NC(N)=[Se],10.113981117435612
CC(=O)N(C)C,9.544040826610166
O=C(O)c1ccccc1O,10.431181882079493
C=C1C(=O)N[C@H](C)C(=O)N[C@@H](CC(C)C)C(=O)N[C@@H](C(=O)O)[C@H](C)C(=O)N[C@@H](CCCN=C(N)N)C(=O)N[C@@H](/C=C/C(C)=C/[C@H](C)[C@H](Cc2ccccc2)OC)[C@H](C)C(=O)N[C@@H](C(=O)O)CCC(=O)N1C,10.361727836017593
CN(C)C(=O)C(C)(C)C,9.591032303513249
COc1ncnc2c1ncn2C1OC(CO)C(O)C1O,9.414982231980545
NC(=O)c1ccc[n+]([C@@H]2O[C@H](COP(=O)([O-])O)[C@@H](O)[C@H]2O)c1,9.176045629527842
Cc1[nH]c(=O)n(C(C)(C)C)c(=O)c1Cl,9.869939402659774
CC(=O)NCC(=O)NCC(N)=O,8.934163871691602
Clc1ccccn1,9.255163503041324
O=c1[nH]cnc2nc[nH]c12,9.812971118880952
CC(=O)Nc1cccc(C(=O)[O-])c1,9.729974285699555
BrCCCCCCBr,10.230224460689136
CCN(CC)[N+](=O)[O-],8.938011458390484
NCCC[C@H](N)C(=O)O,7.87503063169585
C=CC(=O)O,9.366502441610837
O=[N+]([O-])N1CN([N+](=O)[O-])CN([N+](=O)[O-])C1,9.040696342579112
CCC(O)c1ccccc1,10.0
CC1(C)S[C@@H]2[C@H](NC(=O)COc3ccccc3)C(=O)N2[C@H]1C(=O)[O-],9.940007262003064
c1ccc2c(c1)cc1ccc3cccc4ccc2c1c34,8.9699605479155
ClCCBr,9.653106256887671
C[C@H](O)[C@@H](C)O,9.113943352306837
CCO,9.55303616216699
O=[N+]([O-])c1ccc(Oc2sccc2[N+](=O)[O-])cc1,9.113962234871225
N[C@@H](CSSC[C@H](N)C(=O)O)C(=O)O,9.32210964736696
CSC,10.45237680031761
CSCOC(C)=O,9.826037401350414
CCN(CC)N=O,8.844286305498272
OC[C@H]1O[C@@H](O[C@H]2[C@H](O)[C@@H](O)C(O)O[C@@H]2CO)[C@H](O)[C@@H](O)[C@H]1O,9.491120564611423
COC(F)(F)C(Cl)Cl,7.91905206158405
c1cc(-c2ccncc2)ccn1,9.724183913133729
CC(C)O,9.521698291659694
C#C,10.262329692665753
ClC1=C(Cl)C2(Cl)C3C4CC(C5OC45)C3C1(Cl)C2(Cl)Cl,8.74909464953497
CC(C)(C)NCC(O)c1ccc(O)c(CO)c1,9.418301291106582
O=C[C@H](O)[C@@H](O)[C@@H](O)[C@H](O)CO,9.301009998554662
CCOC(=O)CC,9.394759626372872
CSC[C@H](NC(=O)CC[C@H](N)C(=O)O)C(=O)NCC(=O)O,8.903059991327963
CC(=O)[O-],7.906847783331806
CC(Cc1ccc(O)cc1)[NH2+]CC(O)c1cc(O)cc(O)c1,9.589974800662855
COCCOC,9.430059991385308
O=C(O)c1ccc(O)c(O)c1,8.826074802700827
O=C[O-],9.534117080753298
CC/C=C/CCO,9.869818207979328
Cc1ccsc1,9.505074989159954
N[C@@H](CS)C(=O)O,10.278876800476414
CC(C)[C@H](NC(=O)CN)C(=O)O,9.204059991327963
CCc1ccccc1,10.087530631630566
FC(F)(F)c1cccc(Cl)c1,9.301014997831992
O=C([O-])C(F)F,7.020696342579113
CCC1(c2ccccc2)C(=O)NCNC1=O,9.716837723299525
c1cnc2c(c1)ccc1cccnc12,9.906354743303147
O=C(O)[C@H]1O[C@@H](Oc2cc3oc(-c4ccccc4)cc(=O)c3c(O)c2O)[C@H](O)[C@@H](O)[C@@H]1O,9.079090623023813
Cn1cnc2c(N)ncnc21,9.755916570448328
COC(C)(C)C,9.790209113450876
O=[N+]([O-])c1cc([N+](=O)[O-])c(I)s1,9.32214619648928
C=CC(=O)OCCO,10.041261790912449
O=Cc1ccc(O)c(O)c1,9.919045553823365
c1ccc(C2=NN(c3ccccc3)N(c3ccccc3)[NH2+]2)cc1,9.851086116239692
O=C1C(F)=C(F)C(=O)C(F)=C1F,9.591043071346583
ClCC(Br)CBr,9.793515003402204
C=C(C)C,9.8119392913527
COCc1ccccc1,10.019795311511906
CN=C=S,8.755112266395072
O=C[C@H](O)[C@@H](O)[C@H](O)[C@H](O)C(=O)O,9.11397167610228
CCOCCOCCOCC,9.718059991327964
CCCCN(CCCC)N=O,9.673010453532225
O=NN1CCCCCC1,9.63848925697732
Oc1c(F)c(F)c(O)c(F)c1F,9.491120564611423
O=CC(Br)(Br)Br,8.732131253274323
CC1OC(C)OC(C)O1,9.342211340411104
O=c1[nH]c(=O)c2[nH]cnc2[nH]1,9.716002229150734
CCC[C@@H]1C[C@@H](C(=O)N[C@@H]([C@H]2O[C@H](SC)[C@H](O)[C@@H](O)[C@H]2O)[C@@H](C)O)N(C)C1,9.929964780042294
Oc1cccc(Cl)c1,9.857199497772507
Clc1cccc(Cl)c1,9.643079813594888
O=S(=O)(O)c1ccc(O)cc1,9.602059991327963
CCNc1nc(NCC)nc(OC)n1,9.872058714774289
CC(C)(C)c1ccc(O)c(O)c1,9.880906796140396
NCC(=O)N[C@@H](Cc1ccc(O)cc1)C(=O)NCC(=O)O,9.863016796146143
CSc1ccccc1,9.769851619473911
COC1=C(O)[C@@H]([C@@H](O)CO)OC1=O,9.431181882079493
CC(C)(S)[C@H](N)C(=O)O,9.518756969938945
COCC(=O)OC,9.255181670068872
OCC1OC(OC2C(CO)OC(O)C(O)C2O)C(O)C(O)C1O,9.426676778928295
Cc1ccc([N+](=O)[O-])cc1[N+](=O)[O-],9.14960955632769
Cc1cccnc1,9.446464162634477
[O-][n+]1ccccc1,9.477080836479775
CCCCBr,9.032045629527842
O=c1cn[nH]c(=O)[nH]1,9.653141675850229
Nc1[nH]c(=O)[nH]c(=O)c1O[C@@H]1O[C@H](CO)[C@@H](O)[C@H](O)[C@H]1O,10.176045629527842
CC[C@H](C)[C@H](NC(=O)CN)C(=O)O,9.491180846917135
CN(C)c1ccc2nc3ccc(N(C)C)cc3[s+]c2c1,10.07907249841905
CCN(CC)C(=O)c1cccc(C)c1,9.690065360009504
COC(=O)CS,10.268552861967446
CC(C)(C)SSC(C)(C)C,9.957206678321429
Nc1nc2nc[nH]c2c(=O)[nH]1,9.96389391358639
CCCCCC,10.298181311923646
O=C(O)C(Br)Br,8.204039994218641
CC(C)(O)C#CC(C)(C)O,9.518756969938945
C=CC(O)C=C,10.0
CC1CC(=O)NC(=O)N1,9.096213730886817
OCC#CCO,9.204059991327963
O=C(O)c1cc(I)cc(I)c1I,9.989964854572925
CC(C)N=CNc1ccc(-c2cnc[nH]2)cc1,8.477080836479775
O=C(O)C(Cl)Br,8.07906041534921
CCCCCCO,10.05603921600285
O=[N+]([O-])c1ccc2[nH]ccc2c1,10.0
N#Cc1ccccc1,10.097785560585784
O=C[C@H](O)[C@H](O)[C@H](O)COP(=O)(O)O,9.113971676153419
ONc1ccccc1,10.176054755622273
S=C=S,9.903059991327963
O=C1O[C@H]([C@@H](O)C[O-])C(=O)C1O,9.808885867359812
Cc1ncc(CO)c(CO)c1O,9.79917027472679
N[C@@H](CO)C(=O)O,8.505099985546606
O=[N+]([O-])C(Cl)(Cl)Cl,7.799700691114651
COc1cccc(OC)c1C(=O)NC1C(=O)N2C1SC(C)(C)C2C(=O)O,10.0
NCCc1c[nH]cn1,9.748062675668733
N#CC(Br)Br,7.579927865538937
COc1cccc(OC)c1O,10.414986674391246
NCC(=O)N[C@@H](Cc1ccc(O)cc1)C(=O)O,9.634605620855803
O=C(O)CNCP(=O)(O)O,8.176045629527842
Nc1ncnc2c1ncn2[C@H]1C[C@H](O)[C@@H](CO)O1,9.662878915840787
CC12CCC(CC1=O)C2(C)C,9.612855904479824
Oc1c(F)c(F)c(F)c(F)c1F,9.977834163115539
O=CC[C@H](O)[C@H](O)COP(=O)(O)O,9.322073098244639
CSSC,10.13189112712609
Cc1ccccn1,9.397964005268815
CCCCO,9.826794513375328
ClCC(Cl)CBr,8.863161430030114
CC[C@H]1OC(=O)C[C@@H](O)[C@H](C)[C@@H](O[C@@H]2O[C@H](C)[C@@H](O[C@H]3C[C@@](C)(O)[C@@H](O)[C@H](C)O3)[C@H](N(C)C)[C@H]2O)[C@@H](CC=O)C[C@@H](C)C(=O)/C=C/C(C)=C/[C@@H]1CO[C@@H]1O[C@H](C)[C@@H](O)[C@@H](OC)[C@H]1OC,9.910045272797035
CC(=O)NS(=O)(=O)c1ccc(NC(=O)c2ccccc2C(=O)O)cc1,9.79917027472679
Cc1ccccc1Br,9.230224460613481
CCC(C)=O,9.366943604639458
CNC(=O)ON=C(SC)C(=O)N(C)C,9.301014997831992
CCCCC,10.288131253303828
O=C(O)c1cc([N+](=O)[O-])c(Cl)c([N+](=O)[O-])c1,8.519942664591905
Nc1ccn([C@@H]2O[C@H](COP(=O)(O)O)[C@@H](O)[C@H]2O)c(=O)n1,9.573229493653177
CCOC(=O)CC(=O)OCC,8.812942237761904
C/C=C/C=O,9.876047330187644
O=C([O-])c1ccc(O)cc1,9.884694076950803
CC(O)C(N)C(=O)O,8.707997025410883
OC[C@@H](O)[C@@H](O)[C@H](O)[C@H](O)CO,9.397970004336019
Oc1cc(Cl)ccc1Oc1ccc(Cl)cc1Cl,9.780158656070077
FC(F)(F)C(Cl)Br,8.153305009435611
O=C(O)C=Cc1ccc(O)cc1,9.953879845866615
CC(C)[S+]([O-])c1ccccc1,10.0
CCN(C)N=O,8.74135469780359
CC(=O)N(CC(O)CO)c1c(I)c(C(=O)NCC(O)CO)c(I)c(C(=O)NCC(O)CO)c1I,9.510136252551652
OCC1CO1,8.672058714774286
CC(C)(C)c1ccccc1O,10.278852160381131
CCCCC(CC)COP(=O)(O)OCC(CC)CCCC,10.178988474323292
CC(CS)C(=O)N1CCCC1C(=O)O,10.380105620855804
Oc1cccnc1,9.777582885571011
C=C[C@H]1CN2CC[C@H]1C[C@@H]2[C@@H](O)c1ccnc2ccc(OC)cc12,10.255181670068872
CCCCC(CCCCC(=O)O)N1C(=O)C=CC1=O,8.938006365825403
CC(O)Cc1ccccc1,10.32210964618348
COc1ccc(OC)c(OC)c1,9.81545367947538
CCCCCCCCO,10.076996290034495
C[C@H](N)C(=O)NCC(=O)O,8.591032303513249
CCC(C)C(N)C(=O)O,9.255181670068872
Cc1cc(=O)oc2cc(O)ccc12,10.041261790105485
CCCN(CCC)c1c([N+](=O)[O-])cc(C(F)(F)F)cc1[N+](=O)[O-],9.110294855149625
CN/C(=N\C#N)NCCSCc1nc[nH]c1C,10.07906041534921
COc1c2occc2cc2ccc(=O)oc12,10.041196342579111
N#CCCC#N,8.359337689667296
CC(C)(C)N=O,9.373218596901271
NC(=O)c1ccncc1,9.153908322550633
OCCCO,9.397964005268815
Oc1ccncc1,10.041235612063293
CN=C(NC#N)NCCSCc1csc(N=C(N)N)n1,10.0
IC(I)I,9.856909630127626
CC,10.259695684661594
CCC(O)CC,9.639687717946785
N#CC(Cl)Cl,7.397980002890679
O=c1[nH]cc(F)c(=O)[nH]1,9.724122011043015
CON(C)C(=O)Nc1ccc(Cl)c(Cl)c1,9.811229174999017
CCOP(=O)(OCC)O/C(=C\Cl)c1ccc(Cl)cc1Cl,9.505149978319906
Cc1ccc2[nH]ccc2c1,10.230299280918848
c1ccc(Nc2ccccc2)cc1,9.977992919038355
COc1cccc(O)c1OC,10.301017998265593
CN(C)N,10.436726657551977
NC(=O)CC[C@H](N)C(=O)O,8.732196879911484
CC(=O)C=O,9.051273640219875
O=C1C(=O)c2cccnc2-c2ncccc21,9.516151786944476
Cc1cc(C)[nH+]c(C)c1,9.301014997831992
O=CC(Cl)(Br)Br,8.724091956533597
O=C(O)c1ccc(Cl)cc1,9.698970004112006
CCOP(=S)(OCC)OCC,9.374748346010104
CCOP(=S)(OCC)Oc1ccc([N+](=O)[O-])cc1,9.989947281859386
CC=O,9.44132682546129
CC(=O)N[C@@H]1[C@@H](O)[C@H](O)[C@@H](CO)O[C@@H]1O,9.491180846917137
ClC(Cl)=C(Cl)Cl,9.818892574095742
CN1CCCC1=O,9.414986673985409
Nc1nc2ncc(CNc3ccc(C(=O)N[C@@H](CCC(=O)O)C(=O)O)cc3)nc2c(=O)[nH]1,9.981939535723553
Cc1c(N(C)C)c(=O)n(-c2ccccc2)n1C,10.397970004336019
CNC=O,9.079120830698416
CCOP(=O)(CC)OCC,9.259613335659756
CCCCN(CC)N=O,9.491361693834271
COc1ccc(NS(=O)(=O)c2ccc(N)cc2)nn1,9.79309160005886
O[C@@H](CS)[C@@H](O)CS,10.176091259055681
CC(=O)Nc1ccccc1,9.71600200625392
NCC(=O)NCC(=O)O,8.40047387535277
CCCCCCCCCCCC,10.26104892896786
O=C([NH2+][O-])c1cccnc1,9.322073098244639
FC(F)OC(F)(F)C(F)Cl,6.977968040742087
c1ccc(Sc2ccccc2)cc1,10.113962234871225
C1CCCCC1,10.155392792751346
Cc1ccccc1OP(=O)(Oc1ccccc1C)Oc1ccccc1C,9.578819604992018
CC(C)C,10.666439457960196
Nc1ccc(S(=O)(=O)Nc2nccs2)cc1,9.89204730134524
CCn1cc(C(=O)O)c(=O)c2ccc(C)nc21,9.828659896845108
COc1cccc(O)c1,10.505089987327965
Oc1cccc2ccccc12,9.971638342435613
OC(O)C(Cl)(Cl)Cl,9.457388536513637
CC(=O)C(C)=O,9.142579015614073
COc1cc2ccc(=O)oc2cc1O,10.07912083069842
O=C1CC(c2ccc(O)cc2)Oc2cc(O)cc(O)c21,9.176045629527842
CCCCOCN(C(=O)CCl)c1c(CC)cccc1CC,9.86995455199483
NC(=O)CO,9.04123561106329
N#Cc1cccnc1,8.87503675795668
CC(O)CCc1ccccc1,10.301014997831992
CCC(CC)CC,9.770926005910537
CCNc1nc(N)nc(Cl)n1,9.283844770126693
NCC(=O)N[C@@H](Cc1c[nH]c2ccccc12)C(=O)O,10.079090623023813
OCCN(CCO)CCO,9.903053992196778
Clc1ccccc1,10.294564014356146
CC(=O)C(Cl)Cl,7.944482672150168
CCSCC,10.258397351892746
Brc1cccnc1,9.041235611063291
NCC(=O)NCC(=O)NCC(=O)O,8.913992465243055
Cc1cc(C)nc(C)c1,9.467122230497822
CNCC(=O)OC(=O)CNC,9.230149640459425
CCN(CC)CC,10.0
CCc1ccc(C(C)O)cc1,10.113971676153419
O=c1[nH]cc(Cl)c(=O)[nH]1,9.740241792996164
Cn1ccnc1,9.90829101135146
O=C(O)CN(CCO)CCN(CC(=O)O)CC(=O)O,10.041130895052742
COC(C)(C)CO,8.92400824936574
O=C(O)/C=C\c1ccc(O)c(O)c1,9.706733690319954
Oc1ccccc1O,10.031029676719411
CO[C@H]1OC[C@@H](O)[C@@H](O)[C@@H]1O,9.380105620855804
CC(O)C(C)O,9.113971676153419
Cc1cccc(Br)c1,9.690098040008554
CCNc1nc(Cl)nc(NC(C)(C)C#N)n1,9.278835733968553
O=C1O[C@H]([C@@H](O)CO)C(O)=C1O,9.722523098801243
O=C(O)C1CCCN1,8.732547101779996
CCOC=O,9.432091776948447
OC[C@@H](O)[C@@H](O)CO,9.176045629527842
C1COOOC1,9.176030419685228
CCC(C)(C)O,9.27885920055795
O=C([O-])C(Cl)Cl,7.981893913672778
CCCCOC(C)=O,9.666054501020664
C=CN1CCCC1=O,9.84504902000713
Cn1c(=O)ccn([C@@H]2O[C@H](CO)[C@@H](O)[C@H]2O)c1=O,9.7480940135031
CCC=O,9.552632296283806
ClCc1ccccc1Cl,9.6129189462699
CCC(=O)Nc1ccc(Cl)c(Cl)c1,9.361863918008796
CC#N,8.589769072364442
Cc1ccc(C)c2c1[nH]c1ccc(O)cc12,10.176045629527842
Cl/C=C\Cl,9.579855731077872
NCCCC(=O)NC(Cc1cnc[nH]1)C(=O)O,9.32214619648928
NCC[C@H](O)C(=O)N[C@@H]1C[C@H](N)[C@@H](O[C@H]2O[C@H](CN)[C@@H](O)[C@H](O)[C@H]2O)[C@H](O)[C@H]1O[C@H]1O[C@H](CO)[C@@H](O)[C@H](N)[C@H]1O,9.859869283098572
BrCCCCCBr,9.928953845121978
N#CC(Cl)Br,8.041130895052742
COc1nccnc1C(C)C,9.690065360009504
O=CC[C@H](O)[C@H](O)CO,9.361909278672533
CCCCOP(=O)(O)OCCCC,9.78705297428639
N#CCCl,7.477040418239888
O=P(O)(O)OC1OC(CO)C(O)C(O)C1O,9.146085357118826
CC(C)OC(C)C,9.690433403027123
N[C@@H](COP(=O)(O)O)C(=O)O,9.301019997109321
CCCC[C@H](NC(=O)CN)C(=O)O,9.633234227789792
Oc1cccc(O)c1,10.079108748419051
OCC1OC(OCC2OC(O)C(O)C(O)C2O)C(O)C(O)C1O,9.579855731077872
CC1(C)CCCC(C)(C)N1[O],9.531239458521128
CCN(C)[N+](=O)[O-],8.880953398070197
CC(C)(C)CO,10.02480133752696
NCC(=O)N[C@@H](Cc1ccccc1)C(=O)O,9.79184532451006
Cc1cc(=O)oc2cc(O)cc(O)c12,9.690130720019008
Cc1cc(C2(c3cc(C)c(O)c(CN(CC(=O)O)CC(=O)O)c3)OS(=O)(=O)c3ccccc32)cc(CN(CC(=O)O)CC(=O)O)c1O,10.380105620855804
CN(C)C,10.131638342435613
CN(C)[C@@H]1C(=O)/C(=C(\N)O)C(=O)[C@@]2(O)C(=O)[C@@H]3C(=O)c4c(O)cccc4[C@@](C)(O)[C@H]3[C@H](O)[C@@H]12,9.74986815778453
CC(=O)NC(C)(C)C,9.041196342579113
Fc1ccccc1F,9.87503675795668
Cc1cccc(O)c1C,10.267509999277332
ClC(Br)I,9.748062675668733
O=C(CCO)CCO,9.724
N[C@@H]1CONC1=O,9.954
CN(C)[N+](=O)[O-],10.07779944984909
CCNCN=O,8.694605198933568
CC(C)(C)[NH3+],8.380211241711605
CC(C)[NH3+],8.653212513775342
Nc1nc(N)nc(Cl)n1,7.698985002168009
NO,9.977723605288846
C1CCN2CCCCN(C1)CCCC2,9.903089986991944
O=c1cc(O)nc[nH]1,9.826750973481467
O=C([O-])CN(CCN(CC(=O)[O-])CC(=O)[O-])CC(=O)[O-],9.41351183150529
O=C([O-])CN(CC(=O)[O-])CC(=O)[O-],9.113393789276383
[NH3+]CCc1ccccc1,9.991226075692495
[NH3+]Cc1ccccc1,9.927153020900542
C=CC[NH3+],9.934498451243568
CCCC[NH3+],9.57010996491874
CC1COc2c(N3CCN(C)CC3)c(F)cc3c(=O)c(C(=O)O)cn1c23,9.697573384805947
CN(C)CCCN1c2ccccc2Sc2ccc(Cl)cc21,9.919078092376074
[NH3+]C1CCCCC1,10.04139268515823
OC(CS)C(O)CS,10.132068444291761
O=P(O)(O)OCC(O)CO,9.734173665206079
CC(C)CC[NH3+],9.897627091290442
Cc1c(O)nc[nH]c1=O,9.783865981274035
NCCNCCN,9.222334615469261
Nc1ccn(C2CC(O)C(COP(=O)(O)O)O2)c(=O)n1,9.746961795817924
O=C([O-])CCc1ccc(O)cc1,10.07918124604763
NCCCC(=O)[O-],9.041392685158225
[N-]=C=O,7.826074802700826
CN1CC(=O)N(C)CC1=O,9.322711134674545
C[C@@H]1NC(=O)[C@@H](C)NC1=O,9.167226875575466
Cc1cn(C2CC(O)C(CO)O2)c(=O)[nH]c1=O,9.740448804929924
CSCCC(NC(=O)CN)C(=O)O,8.342422680822207
O=C([O-])c1cc(=O)[nH]c(=O)[nH]1,9.785681735439164
Nc1ncnc2c1ncn2C1OC(CO)C(O)C1O,9.725505294262305
C[NH+]1C=CN=C1,9.698970004336019
C[N+](C)(C)c1nc2ncncc2[nH]1,8.113943352306837
CN(C)CCCN1c2ccccc2Sc2ccccc21,9.568201724066995
NC(CCC(=O)NC(CS)C(=O)NCC(=O)O)C(=O)O,10.196538180210423
O=C(CCCCC(=O)Nc1c(I)cc(I)c(C(=O)O)c1I)Nc1c(I)cc(I)c(C(=O)O)c1I,9.698970004336019
NCCC(=O)NC(Cc1cnc[nH]1)C(=O)O,10.391241456029285
CCC(C)C(NC(=O)CNC(=O)C(Cc1ccc(O)cc1)NC(=O)C(CC(=O)O)NC(=O)C(NC(=O)C(CO)NC(=O)CNC(=O)C(CC(=O)O)NC(=O)C(NC(=O)C(N)CC(N)=O)C(C)O)C(C)O)C(=O)NC(CC(C)C)C(=O)NC(CCC(N)=O)C(=O)NC(C(=O)NC(CC(N)=O)C(=O)NC(CO)C(=O)NC(CCCNC(=N)N)C(=O)O)C(C)CC,10.663420421085096
CSCCC(N)C(=O)O,9.902378554774641
O=C([O-])COCC([O-])=S,9.785912624520414
CCC([O-])=S,9.939519252618618
CC(N)C(=O)[O-],9.112654640862932
CC(NC(=O)CN)C(=O)O,8.544068044350276
NCC(=O)NC(Cc1ccccc1)C(=O)O,9.792391689498254
O=C1NC(=O)C([N+](=O)[O-])C(C(=O)[O-])N1,9.763427993562937
O=[N+]([O-])c1c(O)nc(O)nc1O,9.927941215018018
O=C([O-])c1cccnc1,9.379833922344815
[2H]C([2H])([2H])O,8.633468455579587
Cc1ccnc(-c2cc(C)ccn2)c1,10.23044892137827
C[n+]1ccc(C=[N+]([O-])C(C)(C)C)cc1,9.041392685158225
O=C([O-])CS,10.120274624141299
[2H]C([2H])([2H])C([2H])([2H])O,9.079181246047625
CCn1c(=NN=c2sc3cc(S(=O)(=O)O)ccc3n2CC)sc2cc(S(=O)(=O)O)ccc21,10.07918124604763
CCNC(=O)/C=C\C(=O)[O-],9.845098040014257
CC[C@H](C)[C@H](NC(=O)[C@H](CCC(N)=O)NC(=O)[C@H](CCC(=O)O)NC(=O)[C@H](C)NC(=O)[C@H](CC(=O)O)NC(=O)[C@H](CC(=O)O)NC(=O)[C@H](CC(=O)O)NC(=O)[C@@H](NC(=O)[C@H](C)N)C(C)C)C(=O)N1CCC[C@H]1C(=O)O,10.0
NC(Cc1cnc[nH]1)C(=O)O,9.712028699128032
NCCCCC(NC(=O)C1CCCN1C(=O)C1CSSCC(N)C(=O)NC(Cc2ccc(O)cc2)C(=O)NC(Cc2ccccc2)C(=O)NC(CCC(N)=O)C(=O)NC(CC(N)=O)C(=O)N1)C(=O)NCC(N)=O,10.14612803567824
O=S(=O)([O-])CO,8.469259862588245
NCC(=O)[O-],9.382198696288812
Nc1ccccc1C(=O)[O-],10.04139268515823
Cc1ncnc2nc[nH]c12,8.662878915840787
O=C([O-])CCl,8.241436791804377
O=C([O-])C(F)(F)F,6.0
CC(C)(N)C(=O)[O-],9.255272505103306
CS(=O)(=O)[O-],7.112654640862932
CC(=O)CC(C)=O,10.643878398199183
Cc1ccc(S(=O)(=O)Nc2cc(S(=O)(=O)[O-])cc3cc(S(=O)(=O)[O-])c(N=Nc4ccccc4C)c(O)c23)cc1,10.23342216184565
NCCC(=O)NC(Cc1c[nH]cn1)C(=O)O,10.67209785793572
C1COCCOCCOCCOCCOCCO1,9.955845079376934
[C-]#N,9.772319234110354
c1cncnc1,8.204059991327963
O=C1C=CN=CC1,9.724275869600788
C1CCC2OCCOCCOC3CCCCC3OCCOCCOC2C1,10.0
N=C(N)[Se],10.07918124604763
CCc1cc(C)ncc1O,9.146128035678238
CO[C@H]1OC(CO)[C@H](O)[C@@H](O)[C@@H]1O,9.442680610015756
OC[C@H]1OC(O)[C@H](O)[C@@H](O)[C@@H]1O,9.171782512567667
OCC1OC(O)C(O)C(O)C1O,9.301029995663981
O=P(O)(O)OCC1OC(O)C(O)C(O)C1O,9.146128035678238
N#C[S-],10.038637784283715
Cc1ccc(S(=O)(=O)NC2=NC(=O)C(Cc3ccc(C)o3)S2)cc1,9.123618274753383
NC(CCC(=O)O)C(=O)O,8.361727836017593
NC(CSSCC(N)C(=O)O)C(=O)O,9.32221929473392
O=C[C@H](O)[C@@H](OS(=O)(=O)O)[C@H](O)[C@H](O)CO,9.255272505103306
CC(=O)NCC(=O)O,8.601516443507355
CC(=O)NC(C)C(=O)O,8.667427844808646
CC(=O)NC(C(=O)O)C(C)C,9.146128035678238
NCCCC[C@H](N)C(=O)O,8.544068044350276
CC(C)(CO)[C@@H](O)C(=O)NCCC(=O)[O-],9.653212513775344
CCCCC(NC(=O)CN)C(=O)O,9.633468455579587
Nc1nc(=O)c2ncn(C3OC(COP(=O)(O)O)C(O)C3O)c2[nH]1,9.672097857935718
NCCCC(N)C(=O)O,8.01059464953497
CCCCC(N)C(=O)O,9.397940008672037
O=C(O)C1CC(O)CN1,8.505149978319906
OCC1OC(Oc2ccccc2)C(O)C(O)C1O,9.689475880658312
Cc1cn(C2CC(O)C(COP(=O)(O)O)O2)c(=O)[nH]c1=O,9.7160033436348
C[C@@H](CS)C(=O)N1CCC[C@H]1C(=O)O,10.38021124171161
O=C[C@H](O)[C@@H](O)[C@H](O)[C@H](O)COS(=O)(=O)O,9.146128035678238
c1ccc(-c2nn(-c3ccccc3)[n+](-c3ccccc3)n2)cc1,9.851258348719075
C[N+](C)(C)Cc1ccccc1,9.698970004336019
CCCC[N+](CCCC)(CCCC)Cc1ccccc1,9.806179973983888
Oc1ccc2cc(Oc3ccc(Cl)cc3O)ccc2c1,10.56820172406699
O=[N+]([O-])c1ccc(N2[NH2+]C(c3ccccc3)=NN2c2ccccc2)cc1,10.0
Nc1ccc([Te]c2ccc(N)cc2)cc1,10.04139268515823
CN(C)c1ccc(N(C)C)cc1,9.382068444291761
C1CCSSC1,10.25527250510331
O=C([O-])[O-],8.596562299177231
C=C(C)C(=O)[O-],10.26316963869492
O=C([O-])c1ccccc1O,10.1901056208558
O=CC(=O)[O-],9.414973347970816
C=CC(=O)[O-],9.752031441339346
CC(=O)C(=O)[O-],8.168229866924264
Cc1cccc(C)[nH+]1,8.903089986991944
[2H]c1c([2H])c([2H])c([N+](=O)[O-])c([2H])c1[2H],9.491361693834273
O=C([O-])c1cc[n+]([O-])cc1,9.301029995663981
C=C,10.118817558828729
C[NH2+]C,7.778151250383643
CC(=O)C(=O)O,8.079181246047623
c1ncncn1,11.185739458521127
O=C(O)c1ccnc(C(=O)O)c1,8.698970004336019
N#CN,7.59103230351325
C=CS(=O)(=O)[O-],9.544068044350276
O=S(=O)([O-])OC1C(OS(=O)(=O)[O-])C(OS(=O)(=O)[O-])C(OS(=O)(=O)[O-])C(OS(=O)(=O)[O-])C1OS(=O)(=O)[O-],7.0
O=C([O-])C1CC(O)CN1,9.7481880270062
Nc1ncccn1,8.60201499783199
COc1ccc(C(=O)[O-])cc1,9.857332496431269
COc1cc(OC)cc(C(=O)[O-])c1,9.845098040014257
COc1ccc(O)c(C(=O)[O-])c1,10.25527250510331
Nc1ccc(S(N)(=O)=O)cc1,9.342105670205552
Nc1ccc(S(=O)(=O)[O-])cc1,9.688105925141336
O=Nc1c(Br)cc(S(=O)(=O)[O-])cc1Br,9.75793692185584
O=c1[nH]c(=O)[nH]c(=O)[nH]1,7.389014997831991
O=C1COC(=O)C1Br,9.886490725172482
Cc1cc2nc3c(=O)[nH]c(=O)n(C)c3nc2cc1C,9.845098040014257
C1CNCCNCCCNCCNC1,9.845098040014257
CC1([N+](=O)[O-])CNCCNCCCNCCNC1,10.0
O=C1C=CC(=O)O1,10.901893913672778
Nc1cccc(C(=O)[O-])c1,9.94448267215017
COc1cccc(C(=O)[O-])c1,9.81954393554187
CC1([N+](=O)[O-])CNCCSCCCSCCNC1,10.0
O=C([O-])c1cc([N+](=O)[O-])cs1,9.568201724066995
CC1(C)CCC=[N+]1[O-],9.633468455579587
COc1cc(OC)c(C(=O)[O-])cc1OC,9.845098040014257
COc1cccc(OC)c1C(=O)[O-],9.81954393554187
COc1cc(OC)c(C(=O)[O-])c(OC)c1,10.07918124604763
COc1cc(C(=O)[O-])ccc1O,10.14612803567824
COc1cc(C(=O)[O-])cc(OC)c1OC,10.11394335230684
COc1cccc(C(=O)[O-])c1OC,10.0
Cc1cc(=O)nc(N)[nH]1,9.778151250383644
Cc1ccc(S(=O)(=O)[O-])cc1,9.707735561746254
COc1ccccc1C(=O)[O-],9.732393759822969
CC1=[C-]C=C[NH+2]([O-])C1,9.6232492903979
Cc1cc([N+](=O)[O-])ccc1S(=O)(=O)O,9.204119982655925
O=C([O-])c1ccc(Cl)cc1,9.698970004336019
O=C([O-])c1ccc[n+]([O-])c1,9.361727836017593
CC(=O)Nc1c(I)c(NC(C)=O)c(I)c(C(=O)O)c1I,8.845098040014257
C[n+]1c2cc(N)ccc2cc2ccc(N)cc21,10.07918124604763
O=Cc1cccc(O)c1O,9.919078092376074
COP(=O)([O-])OC,8.079181246047625
C[N+](C)(C)C,6.844387827636423
O=C([O-])c1cccc(Cl)c1,9.724275869600788
[2H]c1nc([2H])c([2H])c([2H])c1[2H],9.431363764158988
O=C1c2ccc(O)cc2OC(c2ccc(O)c(O)c2)C1O,8.653212513775344
O=C(O)C1OC(O)C(O)C(O)C1O,9.477121254719663
NC1CCSC1=O,8.903022496747987
CN(C)c1ccc2nc3cccc(N(C)C)c3cc2c1,9.954242509439325
NC(N)=O,5.897813545645221
NC(=O)N/N=C/c1ccc([N+](=O)[O-])o1,10.033152932632385
CN(C)[C@@H]1C(O)=C(C(N)=O)C(=O)[C@@]2(O)C(O)=C3C(=O)c4c(O)cccc4[C@@](C)(O)[C@H]3[C@H](O)[C@@H]12,9.7481880270062
CN(C)[C@@H]1C(O)=C(C(N)=O)C(=O)[C@@]2(O)C(O)=C3C(=O)c4c(O)cccc4[C@@](C)(O)[C@H]3C[C@@H]12,9.799340549453582
CN(C)[C@@H]1C(O)=C(C(N)=O)C(=O)[C@@]2(O)C(O)=C3C(=O)c4c(O)ccc(Cl)c4[C@@](C)(O)[C@H]3C[C@@H]12,9.7160033436348
CC1(C)C=C(C(N)=O)C(C)(C)N1O,9.732393759822969
O=S(=O)([O-])c1cc(O)c(O)c(S(=O)(=O)[O-])c1,9.0
NC(N)=NS(=O)(=O)c1ccc(N)cc1,9.491090423458568
[NH-]C(=O)C1=C[NH+2]([O-])C=CC1,9.32221929473392
Oc1ccc(-c2[o+]c3cc(O)cc(O)c3cc2O)cc1,8.653106256887671
O=c1ncnc2[nH][nH]cc1-2,8.804049020007128
Cc1ccc(S(=O)(=O)[O-])cc1C,9.838849090737256
c1ncc2[nH]cnc2n1,8.477060627359831
c1cc[nH+]cc1,7.738560627359831
O=C(O)c1c(Cl)ccc2cc(Cl)cnc12,8.707892544024485
CCl,10.550181344747122
CC(C)(C)[N+]([O-])=Cc1ccncc1,9.919078092376074
CC(C)(C)[N+]([O-])=Cc1ccc[n+]([O-])c1,9.667226875575466
CC(C)(C)OO,9.245517997398387
N#Cc1cc(Br)c(O)c(Br)c1,9.924279286061882
Cn1cc[nH]c1=S,10.093760360418235
S=C1SCCS1,10.255068126275825
Sc1ncnc2nc[nH]c12,9.845098040014257
COc1ccc(C(=O)[O-])cc1OC,10.07918124604763
Nc1ccc(S(=O)(=O)[O-])c2ccccc12,9.863322860120457
COP(=O)(NC(C)=O)SC,8.959041392321092
O=C1C(Cl)=CC(=Nc2ccc(O)cc2)C=C1Cl,10.833
CC(C)(C)[N+]([O-])=Cc1ccccn1,9.982271233039569
O=S(=O)([O-])c1ccc(-c2c3nc(c(-c4ccc(S(=O)(=O)[O-])cc4)c4ccc([nH]4)c(-c4ccc(S(=O)(=O)[O-])cc4)c4nc(c(-c5ccc(S(=O)(=O)[O-])cc5)c5ccc2[nH]5)C=C4)C=C3)cc1,10.0
O=S(=O)([O-])c1ccc(-c2c3nc(c(-c4ccc(S(=O)(=O)[O-])cc4)c4ccc([n-]4)c(-c4ccc(S(=O)(=O)[O-])cc4)c4nc(c(-c5ccc(S(=O)(=O)[O-])cc5)c5ccc2[n-]5)C=C4)C=C3)cc1,10.08804562952784
O=c1ccc(=O)[nH][nH]1,9.556302500767288
O=C([O-])c1cc(=O)[nH]c(=O)n1Br,9.648332595130766
NCCN1CN2CN(CCN)CN(C1)C2,10.20411998265593
O=C([O-])CC=CCC(=O)[O-],9.113943352306837
O=C([O-])CCI,8.3580016718174
NCCS(=O)(=O)O,7.379963072490871
NCCS(=O)[O-],10.07918124604763
CCC(=O)[O-],8.885573174407494
CCCC[N+](C)(CCCC)CCCC,9.568201724066995
CCCCC/C=C\C/C=C\CCCCCCCC(=O)[O-],9.9553122024446
CCC[N+](CCC)(CCC)CCC,9.397940008672037
CC/C=C\C/C=C\C/C=C\CCCCCCCC(=O)O,9.863322860120457
CCS(=O)(=O)[O-],8.0
CCCCCCCCCCCCCCCC[N+](C)(C)C,10.04139268515823
CCCC[N+](C)(C)C,9.252574989159953
CCOO,7.17602281476392
O=C([O-])Cc1cccc2ccccc12,9.939519252618618
O=C([O-])Cc1ccccc1,9.897627091290442
O=S(=O)([O-])CS(=O)(=O)[O-],7.633468455579586
O=C(O)CN(CCN(CC(=O)O)CC(=O)O)CC(=O)O,9.29273036475425
OCC[NH+](CCO)CCO,9.301029995663981
O=[N+]([O-])c1cccc(O[C@@H]2O[C@H](CO)[C@@H](O)[C@H](O)[C@H]2O)c1,9.602059991327963
OCC1OC2OC3C(CO)OC(OC4C(CO)OC(OC5C(CO)OC(OC6C(CO)OC(OC7C(CO)OC(OC8C(CO)OC(OC1C(O)C2O)C(O)C8O)C(O)C7O)C(O)C6O)C(O)C5O)C(O)C4O)C(O)C3O,9.6232492903979
OCC1OC2OC3C(CO)OC(OC4C(CO)OC(OC5C(CO)OC(OC6C(CO)OC(OC7C(CO)OC(OC8C(CO)OC(OC9C(CO)OC(OC1C(O)C2O)C(O)C9O)C(O)C8O)C(O)C7O)C(O)C6O)C(O)C5O)C(O)C4O)C(O)C3O,9.698970004336019
CCCCc1ccc2ccccc2c1S(=O)(=O)[O-],10.30102999566398
O=C(O)CCCc1ccc2ccc3cccc4ccc1c2c34,10.11394335230684
O=P(O)(O)OC[C@H]1O[C@@H](O)C[C@@H]1O,9.2491552768948
O=P(O)(O)OCC1(O)OC(CO)C(O)C1O,9.707570176097937
O=P(O)(O)OCC1OC(O)(CO)C(O)C1O,9.954242509439325
O=[N+]([O-])c1cnc(CO)n1CCO,9.611890895697593
OC[C@H]1OC(O)[C@H](O)[C@@H]1O,9.227211384431673
CCCCCCCCCCCCCCCC[n+]1ccccc1,9.672097857935718
O=C([O-])CN(CCN(CC(=O)[O-])CC(=O)[O-])CCN(CC(=O)[O-])CC(=O)[O-],9.486276752655087
O=C([O-])CN(CC(=O)[O-])CC(=O)O,9.414973347970818
CCOC(=O)c1ccc(O)cc1,11.024609011335091
CCOC(=O)c1ccccc1S(=O)(=O)NC(=O)Nc1nc(Cl)cc(OC)n1,9.342422680822205
CCN(CC)c1ccc2c(-c3ccccc3C(=O)O)c3ccc(N(CC)CC)cc3[o+]c2c1,10.17609125905568
CCN(CC)c1ccc2c(-c3ccccc3C(=O)O)c3ccc(=[N+](CC)CC)cc-3oc2c1,9.882338670785217
O=C([O-])CCc1c[nH]c2ccccc12,10.07918124604763
O=C(O)CCc1c[nH]c2ccccc12,9.929418925714293
NCCc1c[nH]c2ccc(O)cc12,10.23044892137827
O=C(O)Cc1c[nH]c2ccccc12,9.812913356642856
O=C([O-])Cc1c[nH]c2ccccc12,9.977723605288848
COc1cc2c(CCNC(C)=O)c[nH]c2cc1Cl,9.913813852383717
CCN(CC)CCCNc1nccc2c(C)c3[nH]c4ccc(O)cc4c3c(C)c12,9.602059991327963
CCN(CC)CCCNc1nccc2c(C)c3[nH]c4ccncc4c3cc12,9.602059991327963
CC[N+](CC)(CC)CC,8.113943352306837
CCN(CC)C(CC)(CC)CNCCN,9.32221929473392
CCOS(=O)(=O)[O-],8.544068044350276
Nc1nc(=O)c2ncn(C3OC(CO)C(O)C3O)c2[nH]1,9.891951789636368
O=c1ccn(C2OC(CO)C(O)C2O)c(=O)[nH]1,9.650678830250813
O=c1ccn(C2OC(COP(=O)(O)O)C(O)C2O)c(=O)[nH]1,9.653212513775344
O=C(O)c1cc(=O)[nH]c(=O)n1C1OC(COP(=O)(O)O)C(O)C1O,9.681241237375588
O=c1ccn([C@@H]2O[C@H](CO)[C@@H](O)[C@H]2OP(=O)(O)O)c(=O)[nH]1,9.660273722214779
O=c1nc[nH]c2c1ncn2C1OC(CO)C(O)C1O,9.641650614351775
O=c1nc[nH]c2c1ncn2C1OC(COP(=O)(O)O)C(O)C1O,9.64501730568126
CN(C)c1ccc2nc3ccc(=[N+](C)C)cc-3sc2c1,10.20070027039077
Nc1ccn([C@@H]2O[C@H](CO)[C@@H](OP(=O)([O-])[O-])[C@H]2O)c(=O)n1,9.812913356642856
COc1ccc2[nH]cc(CCN)c2c1,10.36172783601759
COc1ccc2[nH]cc(CCNC(C)=O)c2c1,10.12057393120585
C[C-](C)[N+](=O)[O-],9.397940008672037
CC1CNC(=O)NC1=O,9.0
Nc1ncnc2c1ncn2C1OC(COP(=O)(O)OP(=O)(O)O)C(O)C1O,9.90848501887865
Nc1ncnc2c1ncn2C1OC(COP(=O)(O)OP(=O)(O)OP(=O)(O)O)C(O)C1O,9.949390006644913
NC(=O)c1ccc[n+](C2OC(COP(=O)([O-])OP(=O)(O)OCC3OC(n4cnc5c(N)ncnc54)C(O)C3O)C(O)C2O)c1,9.719824214781738
CC1=[N+]([O-])C(C)(C)CC1,9.681241237375588
Oc1cccc2scnc12,9.763427993562937
CS(C)(=O)=O,7.462099499474739
Fc1ccc(N(F)F)c(F)c1F,9.982271233019784
C=CC1=C(C)C2=CC3=NC(=C(CC(=O)[O-])C4=NC(=C(C)C4=C([O-])[O-])C=c4[n-]c(c(C)c4CC)=CC1=N2)C(CCC(=O)[O-])C3C,9.778151250383644
CC1=NCCN=C(C)CC(C)(C)NCCNC(C)(C)C1,9.468256871239447
CC1=NCCNC(C)(C)CC(C)=NCCNC(C)(C)C1,9.602059991327963
O=C(O)CCC(=O)OOC(=O)CCC(=O)O,7.903089986991944
CC[C@H]1OC(=O)[C@H](C)[C@@H](O[C@H]2C[C@@](C)(OC)[C@@H](O)[C@H](C)O2)[C@H](C)[C@@H](O[C@@H]2O[C@H](C)C[C@H](N(C)C)[C@H]2O)[C@](C)(O)C[C@@H](C)C(=O)[C@H](C)[C@@H](O)[C@]1(C)O,9.57978359661681
CC1=NNC(=O)C1CCC(=O)NN,10.04139268515823
CCC(=O)Nc1cccc(C(=O)Nc2cccc(OC)c2)c1,11.25527250510331
O=C1C=CC(=Nc2cc(Cl)c(O)c(Cl)c2)C=C1,10.83250891270624
C[N+]1=CC=C(c2ccccc2)CC1,9.963787827345556
Cc1cc2nc3cc(C)c(N)cc3[n+](-c3ccccc3)c2cc1N,10.0994659349661
O=C1CC(C(=O)O)NC(=O)N1,9.477121254719663
CCN(CC)C(=S)[S-],9.951544993495972
CC=CC(=O)[O-],9.698970004336019
COc1cc(/C=C/C(=O)O)cc(OC)c1O,10.22117082347172
CCN(CC)CCCNc1nccc2c(C)c3[nH]c4ccc(OC)cc4c3c(C)c12,9.65051499783199
CCCCCCCN1C(C)=CSC1=CC=C(C=Cc1scc(C)[n+]1CCCCCCC)c1scc(C)[n+]1CCCCCCC,10.04139268515823
CN(C)CCO,9.931456678321428
CC1(C)CC(=O)NN1C=O,10.0
CC1(C)CC(C(N)=O)C(C)(C)N1[O],9.568201724066995
C/C=C/c1ccc(O)c(OC)c1,10.60874197210695
CC(C)(C)[N+]([O-])=Cc1ccc([N+](=O)[O-])cc1,9.869231719730976
C=Cc1c(C)c2cc3nc(cc4[n-]c(cc5nc(cc1[n-]2)C(C)=C5C)c(C)c4CCC(=O)O)C(CCC(=O)O)=C3C,10.0
O=P([O-])([O-])Oc1ccccc1,9.732393759822969
O=C([O-])c1c[nH]c(=O)[nH]c1=O,9.602059991327963
O=c1[nH]c(=O)c2ncn([C@@H]3O[C@H](COP(=O)(O)O)[C@@H](O)[C@H]3O)c2[nH]1,10.11394335230684
OC[C@H]1O[C@@H](OCc2ccccc2)[C@H](O)[C@@H](O)[C@@H]1O,10.6232492903979
CCN(CC)CCCNc1nccc2c(C)c3c(c(C)c12)c1cc(O)ccc1n3C,9.602059991327963
CCC[NH3+],8.8750612633917
[NH3+]CCS,10.03594100365306
COC(=O)Nc1nc2ccccc2[nH]1,9.342422680822207
C[n+]1ccc(-c2cc[n+](C)cc2)cc1,8.397940008672037
O=C(O)CN(CCOCCOCCN(CC(=O)O)CC(=O)O)CC(=O)O,9.301029995663981
CCCCCCCCCc1ccccc1OCCOCCOCCOCCOCCOCCOCCOCCOCCOCCOCCOCCOCCOCCOCCO,10.0
CC(=O)OCC[N+](C)(C)C,8.301007498915997
CC(C)(C)CC(C)(C)c1ccc(OCCO)cc1,9.94448267215017
CCCCCCCCCCCCOS(=O)(=O)[O-],9.913684636526913
CCCCCCCCOS(=O)(=O)[O-],9.812913356642856
CCCCCCOS(=O)(=O)[O-],9.397940008672037
CCCCOS(=O)(=O)O,9.0
C[N+](C)(C)CCOP(=O)(O)O,8.806179973983888
CCCC[N+](CCCC)(CCCC)CCCC,9.690196080028514
C[C@]12CC[C@@H]3c4ccc(O)cc4CC[C@H]3[C@@H]1CCC2=O,10.41497334797082
CCN=c1cc2oc3cc(NCC)c(C)cc3c(-c3ccccc3C(=O)OCC)c-2cc1C,10.04139268515823
Cc1nnc(SCC2=C(C(=O)O)N3C(=O)[C@@H](NC(=O)Cn4cnnn4)[C@H]3SC2)s1,9.811575005870592
S=c1[nH]c2ccccc2[nH]1,9.903089986991944
Nc1nc(=O)c2ncn(C3CC(O)C(COP(=O)(O)O)O3)c2[nH]1,9.832508912706237
Cc1cn([C@H]2CC[C@@H](COP(=O)(O)O)O2)c(=O)[nH]c1=O,9.755874855672491
O=c1ccn(C2CC(O)C(COP(=O)(O)O)O2)c(=O)[nH]1,9.462397997898956
Nc1ccn(C2CC(O)C(CO)O2)c(=O)n1,9.778151250383644
CCOc1ccccc1OS(=O)(=O)NC(=O)Nc1nc(OC)cc(OC)n1,9.380211241711606
O=C([O-])C(O)C(=O)[O-],8.909771967770935
NC(=O)C(Cl)Cl,7.462
c1ccc([P+](c2ccccc2)(c2ccccc2)c2ccccc2)cc1,9.857332496431269
CC(CN1c2ccccc2Sc2ccccc21)N(C)C,9.951544993495972
CCNc1nc(=O)nc(NC(C)C)[nH]1,9.414973347970818
OCC(O)C(O)CO,9.176091259055681
OCC(O)C(O)C(O)C(O)CO,9.270632731029368
O=C1O[C@H]([C@@H](O)CO)C(O)=C1OS(=O)(=O)O,9.6232492903979
O=C(O)C(O)C(O)C(O)C(O)CO,9.113943352306837
O=P(O)(O)OC(CO)CO,9.423786329571056
O=CC(O)C(O)C(O)COP(=O)(O)O,9.113943352306837
Oc1ccc(C(O)C(O)COc2ccccc2O)cc1O,10.23044892137827
C[C@H](NC(=O)[C@H](CS)NC(=O)[C@H](CS)NC(=O)[C@@H](NC(=O)[C@H](CS)NC(=O)[C@@H](N)CCCCN)[C@@H](C)O)C(=O)O,10.44715803134222
C[C@H](Cc1ccc(O)c(O)c1)[C@@H](C)Cc1ccc(O)c(O)c1,10.17609125905568
CC(C)CN(C[C@@H](O)[C@H](Cc1ccccc1)NC(=O)O[C@H]1CO[C@H]2OCC[C@H]21)S(=O)(=O)c1ccc(N)cc1,10.89209460269048
Cc1cc(NC(=O)C(CCCN=C(N)N)NC(=O)C(CO)NC(=O)C(Cc2ccccc2)NC(=O)OC(C)(C)C)cc2oc(=O)ccc12,10.91381385238372
O=C1O[C@H]([C@@H](O)CBr)C(O)=C1[O-],9.556302500767288
O[C@@H]1C[C@H](O)[C@H](O)CO1,9.411712552165
COC1=C([O-])C(=O)O[C@@H]1[C@@H](O)CO,9.681241237375588
Cc1ccc(C)n1-c1nc(S)nc(O)c1N,9.838849090737256
Nc1ncnc2c1ncn2[C@@H]1O[C@H](COP(=O)(O)OP(=O)(O)OC[C@@H](O)[C@@H](O)[C@@H](O)C=O)[C@@H](O)[C@H]1O,9.6232492903979
CCCC[P+](CCCC)(CCCC)CCCC,7.0
CC[C@@]1([C@@H]2O[C@@H]([C@H]3O[C@@](O)(CO)[C@H](C)C[C@@H]3C)C[C@@H]2C)CC[C@H]([C@]2(C)CC[C@]3(C[C@H](O)[C@@H](C)[C@@H]([C@@H](C)[C@@H](OC)[C@H](C)C(=O)O)O3)O2)O1,9.54282542695918
Cc1ccc(C)n1C(CCC(=O)N[C@@H](CS)C(=O)NCC(=O)O)C(=O)O,9.462397997898956
N[C@@H](CCC(=O)N[C@@H](CSSC[C@H](NC(=O)CC[C@H](N)C(=O)O)C(=O)NCC(=O)O)C(=O)NCC(=O)O)C(=O)O,9.982059071575744
Cc1ccc(C)n1CCC(=O)N[C@@H](Cc1c[nH]cn1)C(=O)O,9.963787827345556
C/C1=C2/[N-]C([C@H](CC(N)=O)[C@@]2(C)CCC(=O)NC[C@@H](C)OP(=O)([O-])O[C@H]2[C@@H](O)[C@@H](n3cnc4cc(C)c(C)cc43)O[C@@H]2CO)[C@]2(C)N=C(/C(C)=C3\N=C(/C=C4\N=C1[C@@H](CCC(N)=O)C4(C)C)[C@@H](CCC(N)=O)[C@]3(C)CC(N)=O)[C@@H](CCC(N)=O)[C@]2(C)CC(N)=O,10.0
CC[C@@H](C(=O)O)[C@@H]1O[C@@H]([C@@H](C)[C@H](O)[C@H](C)C(=O)[C@H](CC)[C@H]2O[C@]3(C=C[C@@H](O)[C@]4(CC[C@@](C)([C@H]5CC[C@](O)(CC)[C@H](C)O5)O4)O3)[C@H](C)C[C@@H]2C)[C@@H](C)C[C@@H]1C,9.556302500767286
CC[C@@H](C(=O)[C@@H](C)[C@@H](O)[C@H](C)[C@@H]1O[C@@H]([C@@H](CC)C(=O)O)CC[C@@H]1C)[C@H]1O[C@]2(C=C[C@@H](O)[C@]3(CC[C@@](C)([C@H]4CC[C@](O)(CC)[C@H](C)O4)O3)O2)[C@H](C)C[C@@H]1C,9.60205999132796
C/C1=C2/N=C(/C=C3\N=C(/C(C)=C4\[N-][C@@](C)([C@@H]5N=C1[C@](C)(CCC(=O)NC[C@@H](C)OP(=O)([O-])O[C@H]1[C@@H](O)[C@@H](n6cnc7cc(C)c(C)cc76)O[C@@H]1CO)[C@H]5CC(N)=O)[C@@](C)(CC(N)=O)[C@@H]4CCC(N)=O)[C@@](C)(CC(N)=O)[C@@H]3CCC(N)=O)C(C)(C)[C@@H]2CCC(N)=O,9.72319090611122
CC(C)C(NC(=O)CN)C(=O)O,9.204
NCC(=O)NC(Cc1ccc(O)cc1)C(=O)O,9.778
NCC(=O)NC(Cc1c[nH]c2ccccc12)C(=O)O,10.07918124604763
CNC(=O)C(N)CSC(C)C1=C(C)c2cc3[n-]c(cc4nc(cc5[n-]c(cc1n2)c(C)c5CCC(=O)O)C(CCC(=O)O)=C4C)c(C)c3C(C)SCC(N)C(=O)NC,10.14612803567824
COC1=C(O)OC(C(O)CO)C1=O,9.431363764158988
Cc1ccc(C)n1C(C)C(=O)O,9.662757831681574
CC(=O)N([O-])CCCCCNC(=O)CCC(=O)N([O-])CCCCCNC(=O)CCC(=O)N([O-])CCCCCN,10.11394335230684
CC(N)C(=O)NCC(=O)O,8.5910646070265
CC1=C(CC(=O)O)c2cc(F)ccc2/C1=C\c1ccc([S+](C)[O-])cc1,10.43136376415899
CCCN(CCC)S(=O)(=O)c1ccc(C(=O)O)cc1,10.78532983501077
CC(C(=O)O)c1ccc(N2CC=CC2)c(Cl)c1,10.47712125471966
CC[C@H](C)[C@H](NC(=O)C[NH3+])C(=O)[O-],9.491361693834273
CC(C(=O)[O-])c1ccc(C(=O)c2ccccc2)s1,10.27875360095283
CC(C(=O)O)c1cccc(C(=O)c2cccc(O)c2)c1,10.23044892137827
CC(C)CC(NC(=O)CN)C(=O)O,9.397940008672037
O=C1CCc2ccccc2O1,9.556151250383643
O=C1C(c2[nH]c3ccccc3c2O)=Nc2ccc(S(=O)(=O)[O-])cc21,10.32221929473392
O=C1C(c2[nH]c3ccc(S(=O)(=O)[O-])cc3c2O)=Nc2ccc(S(=O)(=O)[O-])cc21,10.25527250510331
NCCCCN,8.041196342579113
NCCCCCN,8.462198998949479
NCCCCNCCCN,8.079090623023813
Clc1ccc(CNc2ccccc2Cn2ccnc2)cc1,9.176091259055681
CC(=O)Oc1c(C)c(C)c2c(c1C)CCC(C)(CC[N+](C)(C)C)O2,9.934498451243568
CC(=O)Oc1c(C)c(C)c2c(c1C)CCC(C)(CC[NH+](C)C)O2,9.505149978319906
Cc1c(C)c2c(c(C)c1O)CCC(C)(CC[N+](C)(C)C)O2,10.07918124604763
Cc1c(C)c2c(c(C)c1O)CCC(C)(CC[NH+](C)C)O2,9.845098040014257
Cc1[nH]cnc1C[SH]=C(N)N,9.886490725172482
COc1cc2ccc(=O)oc2c(O[C@@H]2O[C@H](CO)[C@@H](O)[C@@H](O)[C@H]2O)c1O,10.04139268515823
N=C(N)SCc1c[nH]cn1,9.414973347970818
NCCc1cnc[nH]1,9.675124009167082
NC(=[NH2+])NCCc1cnc[nH]1,9.477121254719663
CN=C(NC)NC#N,9.14606401783912
CCCCNC(=NC)NC#N,9.863322860120457
CN=C(NC#N)NCCSCc1nc[nH]c1C,10.07918124604763
O=c1ccc2cc(O[C@@H]3O[C@H](CO)[C@@H](O)[C@H](O)[C@H]3O)c(O)cc2o1,9.94448267215017
O=C1NC(=O)C(=Nc2c([O-])[nH]c(=O)[nH]c2=O)C(=O)N1,10.17609125905568
CC(C)(S)C(N)C(=O)O,9.518513939877888
C[NH+](C)C,8.60205999132796
Nc1ccnc(=O)[nH]1,9.690196080028514
O=C(O)CNC(=O)c1cccnc1,9.041392685158225
Cc1ccc2c(c1)[C@H]1CN(C)CC[C@H]1N2,9.845098040014257
Cc1nc(O)cc(=O)[nH]1,10.07918124604763
COC1=C(O)C(=O)OC1[C@@H](O)CO,10.47712125471966
O=c1nc[nH]c2nc[nH]c12,9.812913356642856
O=C(NC(Cc1cc(=O)[nH]c2ccccc12)C(=O)O)c1ccc(Cl)cc1,10.65321251377534
C[C@H](NC(=O)CCC(=O)O)C(=O)N[C@@H](C)C(=O)N1CCC[C@H]1C(=O)N[C@@H](Cc1ccccc1)C(=O)SCc1ccccc1,10.83884909073726
[O-]c1c(F)c(F)c(F)c(F)c1F,9.662757831681574
O=S(=O)([O-])CCN1CCN(CCO)CC1,9.838849090737256
[NH-]CCNCCN,9.954242509439325
O=C([O-])CCBr,8.361727836017593
O=C([O-])CCCl,8.505149978319906
CC(Cl)C(=O)[O-],8.397940008672037
CC(=O)NCC(=O)NCC(=O)O,8.89209460269048
O=C([O-])c1ccc(Br)cc1,9.505149978319906
O=C([O-])c1ccccc1I,9.653212513775344
O=C([O-])c1ccc(I)cc1,9.397940008672037
O=C([O-])c1cccc2ccccc12,9.897627091290442
O=C([O-])c1ccco1,10.07918124604763
O=C([O-])c1ccc(-c2ccccc2)cc1,9.832508912706237
O=C(O)c1cccnc1,7.342211340411103
O=C([O-])c1ccncc1,9.44604730134524
O=C([O-])C1CCC1,9.477121254719663
O=C([O-])C1CCCC1,9.6232492903979
O=C([O-])c1ccccc1-c1ccccc1C(=O)[O-],9.845098040014257
O=C([O-])c1ccccn1,9.34196937665947
O=[N+]([O-])c1cccc([O-])c1,9.851258348719075
Cc1ccc(C(=O)[O-])cc1,9.903089986991944
O=C([O-])c1c2ccccc2cc2ccccc12,9.903089986991944
CP(=O)([O-])[O-],8.146128035678238
CC(C)(O)C(C)(C)O,8.740181344747121
O=C([O-])c1ccc(F)cc1,9.556302500767288
N#CCC(=O)[O-],7.204119982655925
CCCC(=O)[O-],9.301029995663981
CCCCC(=O)[O-],10.486198998949478
O=C([O-])CBr,7.662757831681574
CN(C)Cc1c[nH]c2ccccc12,10.47712125471966
CC(C)(C)CC(=O)O,9.230448921378274
CC(=O)NCC(=O)NCC(=O)NCC(=O)O,9.380211241711606
O=C([O-])C(O)(O)C(O)(O)C(=O)[O-],9.113943352306837
O=C(O)Cc1ccc2[nH]ccc2c1,9.897627091290442
O=C([O-])Cc1ccc2[nH]ccc2c1,9.913813852383717
O=Cc1ccc(O)cc1,10.0
CC(O)C(=O)[O-],9.079181246047625
CC(=O)CC(N)C(=O)NC(C)C(=O)NC(C)C(=O)NC(C)C(=O)NC(C)C(=O)NC(C)C(=O)O,9.462397997898956
CC(C)CC(=O)[O-],9.380211241711606
CC(=O)NCCC(=O)NC(Cc1cnc[nH]1)C(=O)ONCCC(=O)NC(Cc1cnc[nH]1)C(=O)ONCCC(=O)NC(Cc1cnc[nH]1)C(=O)O,9.57978359661681
O=C([O-])c1ccccc1C(=O)[O-],9.770852011642145
CC(C)=CC(=O)[O-],9.767013053028068
O=C([O-])c1ccc2ccccc2c1,9.880813592280791
CCNN,10.20411998265592
CNNC,10.14612803567824
CN1c2ccccc2Sc2ccc(CC(=O)O)cc21,9.924279286061882
O=C1OC2(c3ccc(O)cc3Oc3cc(O)ccc32)c2ccccc21,10.07918124604763
O=C([O-])c1cncc(C(=O)[O-])c1,9.041392685158225
CN(C)C(=S)[S-],9.623249290397899
CC(=O)OCC(OC(C)=O)C(OC(C)=O)C(Cn1c2nc(=O)n(C)c(=O)c-2nc2cc(C)c(C)cc21)OC(C)=O,9.903089986991944
CC(N)=NCCCC[C@@H](N)C(=O)O,9.81954393554187
C=COC(C)=O,10.603333333333332
C=CCCCCCC,10.41
C=CCCCCCCCCCC,10.3
C=CCCCCCCCCC,10.115
C=CCCCCCCCCCCC,10.29
C=C(C)CCCCCCCCCCC,10.075
CCCCCC/C=C/CCCCCC,10.13
CC1=CC=C(C(C)C)CC1,9.605
C1=Cc2cccc3cccc1c23,10.030000000000001
FC(F)(F)/C=C\C(F)(F)F,12.31
CO[PH](=O)OC,11.313333333333333
C=C[S+]([O-])C=C,10.13
CCP(=O)(OC)OC,10.7848
c1ccc2c(c1)oc1ccccc12,11.41
CC/C=C/C=O,10.37
Clc1ccccc1-c1ccccc1Cl,11.7
CCCc1c(F)c(F)c(F)c(F)c1F,11.51
CCCCCC(CC)O[N+](=O)[O-],11.41
CCOS(=O)(=O)OCC,11.74
CCCCCC=O,10.5
CBr,13.4
CS,10.47
C#CC,11.23
CCCl,12.39
C=CF,11.25
FCF,13.96
C1CC1,13.08
CC(C)Br,12.09
CC(C)Cl,12.04
CC(C)S,10.38
CC(=O)Cl,14.04
CC(F)F,13.47
C=C(F)F,11.68
FC(Cl)Cl,13.52
O=C(Cl)Cl,15.0
FC(F)Cl,14.33
FC(F)F,15.51
C[N+](=O)[O-],12.89
FC(F)(Br)Br,15.23
FC(F)(F)Br,16.0
CC(C)(C)S,10.48
CC(F)(F)Cl,14.51
FC(Cl)(Cl)Cl,15.3
FC(F)(F)Cl,15.15
FC(F)(F)F,15.4
C[Pb](C)(C)C,11.34
C[Si](C)(C)C,12.0
CCC(C)(C)C,11.63
FC(F)(F)CCl,13.79
OCC(F)(F)C(F)F,12.69
CC(=O)OC1CC2CCC1(C)C2(C)C,10.86
COC(C)(C)OC,11.41
COS(=O)(=O)OC,12.3
CC[Pb](CC)(CC)CC,10.2
C=CC(C)(O)CCC=C(C)C,9.8
C=CC(=C)C,10.0
CCC(C)Cl,11.64
O=CC(Cl)Cl,11.64
CC[N+](=O)[O-],12.82
CC(C)C(=O)O,11.7
O=CCl,12.49
FC(F)=C(F)Cl,11.15
C=C1C2CCC(C2)C1(C)C,10.27
CC1=CCC2CC1C2(C)C,10.27
c1cc2c3c(cccc3c1)CC2,10.24
O=[N+]([O-])c1cccc2ccccc12,11.27
c1ccc2c(c1)Cc1ccccc1-2,10.89
C=C1CC/C=C(\C)CCC2C1CC2(C)C,9.7
Cc1ccccc1[N+](=O)[O-],12.15
Cc1cccc2ccccc12,10.34
c1ccc2ncccc2c1,10.94
Cc1ccc2ccccc2c1,10.28
C1=Cc2ccccc2C1,10.29
Cc1ccc(O)cc1C,10.09
CCC(C)CC,11.19
CCC(C)C=O,10.48
ClCC(Cl)CCl,12.37
OC1CCCC1,10.97
CCOC(=O)C(C)O,11.41
CCC(C=O)CC,10.4
Cc1ccc(C(C)(C)C)cc1,10.85
CC1CCC(C(C)C)CC1,11.18
CC1=CCC(C(C)C)C=C1,9.5
CC1=CCC(C(C)C)=CC1,9.75
Cc1ccc(C(C)C)cc1,10.82
COc1ccc([N+](=O)[O-])cc1,11.61
CCN(CC)C(C)O,10.1
ClCc1ccccc1,11.54
C=Cc1ccccn1,10.25
COc1cccc(C)c1,10.24
Nc1ccc(Cc2ccc(N)cc2)cc1,10.52
COc1ccc(C)cc1,10.56
CCOC(=O)NC,11.08
CCCOC(=O)CCC,11.13
Cc1ccc(O)c(C)c1,10.15
CC(C)=CCC/C(C)=C/CO,9.64
Nc1ccc(Cl)cc1,10.37
ClCC1CO1,12.36
C=CCBr,10.69
C#CCC,11.1
CCCS,10.32
C=CCCl,10.77
C=COC,10.47
CC=NO,11.66
C[Si](C)(C)O[Si](C)(C)C,11.86
CCCC(C)C,11.25
COCC(C)O,10.73
CC(C)CC(C)C,11.29
C=C(C)O,10.16
Cc1cccc(O)c1,10.19
CC(C)CC(=O)CC(C)C,10.56
O=C1CCCCC1,11.19
Sc1ccccc1,10.95
CCCCOC(=O)CCC,10.97
C=CCCC,10.5
CCCCS,10.29
C=COCC,10.39
CCON=O,12.15
CC(=O)CCC(C)C,10.99
CC(=O)OCC(C)C,11.26
CCCCCC(C)=O,10.93
CCCCC=O,10.55
CCCOC=O,11.62
CC(=O)CCC=C(C)C,9.8
CCCCCCC(C)=O,10.96
CCOC(C)CC(=O)[O-],10.89
CCCCCCBr,11.23
O=CCCCC=O,10.62
CCOCCCO,10.66
CCCOCCC,10.73
CCCSCCC,10.7
CCCCCCC=O,10.53
CCOCCOCCO,10.24
C=CC(C)(C)O,10.19
CC(=O)C(C)(C)O,12.03
CN(C)P(=O)(F)N(C)C,10.19
FC(F)=C(F)C(F)(F)F,11.66
c1ccc2c(c1)CCCC2,10.46
c1ccc2cc3ccccc3cc2c1,9.96
O=C1CCCC1,11.53
COP(OC)OC,9.15
C1=CC2C=CC1C2,9.92
CCCC(C)C=O,10.48
C=CC(=C)CCC=C(C)C,9.67
CC(=O)CC(C)(C)O,11.4
C=CCCCCCCC,10.38
CC(C)(N)CO,10.55
FC(Br)C(F)(F)F,13.76
FC(F)(Br)C(F)(F)Br,15.89
CCOC(C)(C)OCC,10.93
O=C1C=CC(=O)c2ccccc21,11.51
c1ccc2c(c1)sc1ccccc12,11.09
ClCCCCl,12.11
CCCCOCCCC,10.54
COC(OC)OC,11.22
C1CN1,11.21
COP(=S)(OC)OC,10.16
COP(=O)(OC)SC,11.03
c1ccc2c(c1)-c1cccc3cccc-2c13,10.3
c1ccc2c(c1)Oc1ccccc1O2,10.92
c1ccc2occc2c1,10.43
C1CC2CCC1CC2,10.83
c1cocn1,11.04
c1cscn1,11.85
C1CCCCCCC1,10.864999999999998
NN,10.19
FC(F)(F)C(F)(F)C(F)(F)C(F)(F)N(C(F)(F)C(F)(F)C(F)(F)C(F)(F)F)C(F)(F)C(F)(F)C(F)(F)C(F)(F)F,16.22
FC(F)(F)COCC(F)(F)F,12.79
Cc1ccc(F)cc1,11.5
CCF,12.63
FC(F)(Cl)Br,15.0
FC(Cl)C(F)(F)Cl,13.865
FC(F)(Cl)C(Cl)Cl,13.28
FC(F)C(F)(F)F,14.6
FC=C(F)F,12.09
FC(F)C(F)F,14.24
OCCF,11.85
FC(F)C(F)(F)OCC(F)(F)F,13.03
FC(F)(F)CCC(F)(F)F,14.06
CC(F)(F)F,14.77
FC(F)(F)CBr,13.69
COC(F)(F)F,13.67
CC(=O)C(F)(F)F,13.82
OC(F)(F)C(F)(F)CF,13.03
FC(F)(F)C(F)(F)C(Cl)Cl,13.6
COC(F)(F)C(F)Cl,13.42
COC(F)(F)C(F)F,12.7
FCC(F)F,13.74
FC(F)C(F)(F)C(F)(F)F,14.79
C#CC#C,10.72
COCC(F)(F)F,12.2
FC(F)CC(F)(F)F,14.15
OCCCC(F)(F)F,11.58
CCCCCON=O,11.37
C=C=C,11.01
C=C=O,10.76
CC(C)(C)C,12.07
CC(C)C(C)(C)C,11.37
CC1=CC[C@@]23CC1C(C)(C)[C@@H]2CC[C@H]3C,10.17
Cc1cccc(O)c1O,9.69
C1CC[C@H]2CCCC[C@H]2C1,10.7
c1ccc2c(c1)OCCO2,10.6
c1ccc2c(c1)CCC2,11.04
c1ccc2c(c1)CCO2,10.44
O=C1C=CCO1,10.91
O=Cc1ccoc1,10.31
O=C1CCCCCC1,11.02
O=C1CCCCCCC1,10.81
CC#CC,10.56
C1COC1,10.99
C1COCOC1,11.04
CC(C)(C)Cl,12.39
FC(Cl)C(F)(F)C(F)(F)Cl,14.05
CC1(C)C2CC3C(C2)C31C,11.54
CCOC(F)(F)C(F)F,12.65
CC(C)C12CCC(=O)C1C2,11.29
CC=C(C)C,10.06
CC(C)CS,10.35
CCC(C)S,10.4
C=C(C)C(=C)C,9.91
Cc1ccccc1C=O,10.74
CC(C)(C)ON=O,11.85
C[Si]1(C)O[Si](C)(C)O[Si](C)(C)O[Si](C)(C)O[Si](C)(C)O1,11.81
C[Si]1(C)O[Si](C)(C)O[Si](C)(C)O1,12.28
CC(C)CCS,10.28
CC(C)CON=O,11.27
CC(C)CO[N+](=O)[O-],12.04
CCCCCCl,11.47
CCCCCCCl,11.42
CCCCON=O,11.57
CCCCSCCCC,10.43
CCCCCCCCCCCCCCCC,10.6
COC(=O)C(C)O,11.55
CC1=CC2C(CC1)C2(C)C,10.1
C=CCI,10.69
C[SiH2]O[Si](C)(C)O[Si](C)(C)O[Si](C)(C)C,12.0
CC(Br)Br,12.6
C=C(C)CC,10.21
CC(C)=C(C)C,9.96
CCC(=O)C(C)C,10.83
CC(C)C(C)C(C)C,11.16
CC(C)C(=O)C(C)C,11.27
Cc1cccc2cccc(C)c12,10.2
Cc1ccc(C)c2ccccc12,11.24
Cc1cccc2c(C)cccc12,10.22
Cc1ccc2ccccc2c1C,10.22
Cc1ccc2cccc(C)c2c1,10.17
Cc1cc(C)c2ccccc2c1,10.13
Cc1ccc2c(C)cccc2c1,10.2
Oc1cccc(Cl)c1Cl,11.78
Cc1cc2ccccc2cc1C,10.11
O=[N+]([O-])c1ccc2ccccc2c1,11.25
CC1=CCC(=C(C)C)CC1,9.65
CCCC(=O)CC,11.16
C=C=CC,10.58
CCCC(C)(C)C,11.47
CCCCC(C)(C)C,11.32
CC(C)CC=O,10.56
CC(=O)CCO,11.09
CC1=CCCCC1,10.03
CCCCC(C)=O,11.04
C=CCOC(C)=O,10.57
C=CCC=C,10.28
C=C=CCC,10.45
C=CCCCC,10.43
C/C=C/CCC,10.22
C=C/C=C/CC,9.95
C=CCCCCC,10.39
C1CCCOCC1,10.81
CF,13.77
C=CBr,11.17
FCCl,13.36
C[Hg]C,10.72
C[Se]C,10.17
CC(C)(Cl)Cl,13.1
C=C(C)C(C)(C)C,10.28
CO[N+](=O)[O-],12.46
CC(C)C(C)O,10.91
O=C(O)C(F)(F)F,12.92
CCC(=O)C(C)=O,11.68
CCc1ccccc1C,10.91
C/C=C(\C)CC,10.05
COC(=O)OC,12.51
CCc1cccc(C)c1,10.72
Cc1cccc(C=O)c1,10.77
c1ccc(NCNc2ccccc2)cc1,10.52
CCOc1ccc(C)cc1,10.49
CCNC(=O)OCC,10.84
C/C=C/C,10.19
FCCF,12.95
CCSC,11.07
CC(C)CC(C)(C)O,10.94
CCC=C(C)C,10.05
C=CC[N+](=O)[O-],10.91
CCO[N+](=O)[O-],12.7
CCCCC(C)O,10.92
CCCO[N+](=O)[O-],12.14
C#CCCC,10.95
C/C=C\CC,10.19
C=CCCO,10.5
C=C(C)CCC(=C)C,9.92
COC(=O)CCCCC(=O)OC,11.08
CCCCC[N+](=O)[O-],11.49
CCCCOC,10.83
CCCCCOC(C)=O,11.12
CCCCOCC,10.67
CCCCCCCCCCCCC,10.8
CCCCCCCCCCCCCC,10.72
C/C=C/C(C)C,10.22
CP(=O)(Cl)Cl,13.19
FCC(F)(F)C(F)(F)F,14.19
CC(F)(F)C(F)(F)F,13.96
C/C=C/C(C)(C)C,10.26
FC(F)(F)CC(F)(F)F,15.05
C#CCCCC,10.89
CCCCCCCCC(C)=O,10.88
CCCCCOCCCCC,10.48
C1CC2CCCC2C1,10.96
C=CC1CCCCC1,10.44
NCC(F)(F)F,12.03
C=C(F)C(F)(F)F,11.98
CCC(=O)N(C)C,10.68
C=C(C)CCC,10.2
C=CCC(=C)C,10.1
CCOCCC(=O)OCC,10.64
CC(C)=CC=C(C)C,9.68
C=COCCO,9.98
C=COCCOC=C,9.91
O=CC1CO1,10.77
CC(C)=Cc1ccccc1,10.48
CC(=O)/C=C/C(C)=O,10.355
C=C/C=C/C=C,9.95
CCCCCCCC(C)=O,10.91
C/C=C/c1ccccc1,10.22
Cc1ccc2ccccc2c1[N+](=O)[O-],11.1
OC(C(F)(F)F)C(F)(F)F,13.59
C/C=C(/C)CC,10.05
CCC(C)ON=O,11.22
CC(C)(C)CO[N+](=O)[O-],12.07
C=C(C)C=CC,9.87
C=CC=C(C)C,9.88
CC=COCC,10.1
CC/C=C\CCO,9.96
Cc1ccoc1,10.03
O=C1C=CCCC1,10.24
C1=CC2CCC1CC2,10.39
CCc1ccc2ccccc2c1,10.4
CCOC=CC(=O)OCC,10.48
C[Si](C)(C)O,11.4
CCC(CC)(CC)CC,11.31
CC(C)CC(C)C(C)C,11.1
CC(C)CCC=O,10.58
COC(=O)CCCC(=O)OC,11.48
CCCCCCCCCCC,11.88
CCSC(=O)N(CC)C1CCCCC1,10.45
FC(F)=C(F)OC(F)(F)F,11.4461
O=C1CCC1,12.06
C=CCOC(F)(F)C(F)F,10.72
O=CF,14.4
FC(F)Br,14.0
C=CCCCOC(C)=O,10.36
FC(F)OC(F)F,14.52
C1=CCOC1,10.2
CC(C)O[N+](=O)[O-],12.75
C=C(CCl)CCl,10.47
CCC(C)CS,10.27
FC(F)OCC(F)(F)F,13.92
Clc1cccc(-c2cccc(Cl)c2)c1,11.39
Clc1ccc(-c2ccc(Cl)cc2)cc1,11.7
Clc1ccccc1-c1ccccc1,11.55
Clc1cccc(-c2ccccc2)c1,11.28
Clc1ccc(-c2ccccc2)cc1,11.41
CCCCC(C)CCC,11.01
OCCC(F)(F)F,12.01
F/C=C(\F)C(F)(F)F,11.91
CC(=O)OO[N+](=O)[O-],13.0
C=C(C)C(=O)OCCOCC,10.55
C=CC(C)CCC=C(C)C,9.74
Clc1ccc(-c2ccc(Cl)cc2Cl)c(Cl)c1,12.0
COC(C)CCO,10.63
COP(=S)(Cl)OC,10.23
CCCCOCOCCCC,10.47
CCC(C)OCOC(C)CC,10.37
C=C/C=C\C=C,9.96
CC(=O)C1CC(CC=O)C1(C)C,10.32
CCCOCCO,10.67
FC(Cl)C(F)(F)F,14.02
COP(=S)(OC)SC,10.25
C=C(C)CCCCCCC,10.14
CC(C)(C)CC=O,10.67
COO,11.26
CC1CCCC(C)(C)C1,11.06
CCc1ccco1,9.97
CCCCCCC(C)C,11.0
C=C1CCC2(C(C)C)CC12,9.93
CC(=O)C(C)CO,10.79
CC(C)C1CC1,11.55
C=C[N+](=O)[O-],11.92
O=C/C=C\C=O,10.28
CC/C=C\CCCC(=O)[O-],10.11
C=CCCC(=C)C,10.02
C1=CCCCC=C1,9.86
CCC(C)(O)CC(C)C,10.87
C=CC(C)=CC,9.87
C1CC[C@H]2CCC[C@H]2C1,10.76
CCC(=O)C(O)CC,10.82
CCC(=O)CO,11.11
CCCCOCC(C)O,10.42
C/C=C\C=C\C,9.87
C/C=C/C=C/C,9.87
Clc1ccc2oc3ccc(Cl)cc3c2c1,11.66
F/C=C(/F)C(F)(F)F,11.67
CC(=O)C=CC=O,10.25
COCC(C)=O,11.17
C=C(C)C1CC=C(C)CC1,9.77
C1CCC23CCC2(CC1)C3,10.95
CCCC(C)O,10.93
C=C(C)CCCC,10.19
COCCBr,11.18
CCC/C=C/C=O,10.36
C/C1=C\CC/C(C)=C/CC(C)(C)/C=C/C1,9.54
C=C(C)C(CC=O)CCC(C)=O,9.96
CC(F)(F)C(F)(Cl)Cl,14.61
C=CC/C=C/C,10.04
CCCC/C=C/CCCC,10.19
CC(Cl)C(C)Cl,12.02
COCC(C)OC,10.51
CCC(C)=C(C)C,9.99
C/C=C/CCCCC,10.14
CC1=CCC2C(C1)C2(C)C,10.06
COCCC(OC)OC,10.72
O=C/C=C/c1ccccc1,10.32
C/C=C/CCCC,10.17
Cc1ccoc1C,9.9
Clc1cc(Cl)c(-c2ccccc2)cc1Cl,11.89
C=C(C)CCCCC,10.17
CCC(C)CC=O,10.54
C1CSCCO1,10.69
Clc1ccc(-c2cc(Cl)ccc2Cl)cc1,11.92
COP(N)(=S)OC,9.61
CC(=O)/C=C\C(C)=O,10.18
Clc1c(Cl)c(Cl)c(-c2ccccc2)c(Cl)c1Cl,12.05
C=C(CC)CC/C=C(\C)CCC=C(C)C,9.77
CCCC/C=C/C=O,10.36
C/C=C/CCCCCCC,10.11
CC(C)CCO[N+](=O)[O-],11.73
CCCCC(C)O[N+](=O)[O-],11.5
COC(F)(C(F)(F)F)C(F)(F)F,13.83
CCOCC=O,10.78
COC(F)(F)C(F)(F)F,13.92
COP(=O)(SC)SC,11.02
CC1(C)C2CCC(=O)C1C2,10.84
CCCCOCC=O,10.69
Clc1ccc(-c2ccccc2)c(Cl)c1,11.59
COCC(Cl)Cl,11.64
Clc1cc(Cl)cc(-c2ccccc2)c1,11.38
Clc1ccc(Cl)c(-c2c(Cl)ccc(Cl)c2Cl)c1,12.4
Clc1ccc(-c2c(Cl)ccc(Cl)c2Cl)cc1Cl,12.22
Clc1ccc(-c2ccccc2Cl)cc1Cl,12.0
Clc1cccc2c1Oc1ccccc1O2,11.33
C=CC1(C)CCC(O)O1,10.13
Clc1ccc(Cl)c(-c2cccc(Cl)c2Cl)c1,12.1
O=C/C=C\C=C\C=O,9.96
O=CC(F)(Cl)Cl,11.92
CCC(CC)O[N+](=O)[O-],11.95
CCCC(CC)O[N+](=O)[O-],11.57
CCCCC(CC)O[N+](=O)[O-],11.43
C/C(C=O)=C\C=C\C=O,9.93
FC(C(F)C(F)(F)C(F)(F)F)C(F)(F)F,14.47
O=CC(F)Cl,11.68
CC(C)C(C)O[N+](=O)[O-],11.74
CCC(C)C(C)O[N+](=O)[O-],11.52
C=CCN=C=O,10.56
CS(=O)(=O)O,7.732
O=S(=O)(O)c1cc(O)c2c(O)cc(S(=O)(=O)O)cc2c1,8.204
O=C(O)c1ccccn1,8.301
O=C(O)C(=O)O,6.146
O=c1[nH][nH]c(=O)c2c([N+](=O)[O-])cccc12,10.477
